Name,Price,Set,Rarity
"Tabletop
 440","DECLINING CARDS
73▼","PRICE CHANGE
0.61","RISING CARDS
40▲"
0.67,-2.00,2.00,-0.64
0.51,5.00,2.00,1.66
0.00,-3.00,0.00,-0.60
0.04,0.00,0.00,-0.08
-0.03,0.00,0.00,-0.07
-0.01,3.00,0.00,0.42
0.00,-1.00,0.00,-0.11
-0.26,-7.00,-2.00,-0.89
-0.13,-2.00,-1.00,-0.23
0.33,12.00,4.00,0.87
0.02,6.00,0.00,0.48
0.00,0.00,0.00,0.01
0.00,-1.00,0.00,-0.08
0.10,1.00,2.00,0.06
-0.03,-1.00,-1.00,-0.07
-0.03,0.00,-1.00,-0.02
-0.06,3.00,-1.00,0.14
0.14,-5.00,3.00,-0.23
-0.02,-3.00,0.00,-0.13
-0.01,-1.00,0.00,-0.04
0.03,-1.00,1.00,-0.04
-0.11,-1.00,-3.00,-0.04
0.00,0.00,0.00,0.00
-0.06,-2.00,-2.00,-0.06
0.04,1.00,1.00,0.04
0.12,4.00,4.00,0.13
-0.07,-3.00,-2.00,-0.10
0.03,-2.00,1.00,-0.05
-0.04,-1.00,-1.00,-0.02
-0.10,-1.00,-3.00,-0.03
0.00,1.00,0.00,0.02
-0.01,-1.00,0.00,-0.03
0.01,0.00,0.00,-0.01
-0.04,-1.00,-1.00,-0.03
0.00,0.00,0.00,0.00
0.00,0.00,0.00,-0.01
0.00,-1.00,0.00,-0.02
-0.04,-1.00,-2.00,-0.03
0.00,0.00,0.00,0.00
-0.02,-3.00,-1.00,-0.07
-0.01,-5.00,0.00,-0.11
0.08,5.00,4.00,0.10
0.01,1.00,1.00,0.01
-0.10,-5.00,-5.00,-0.11
0.04,1.00,2.00,0.01
-0.02,-3.00,-1.00,-0.06
-0.02,-6.00,-1.00,-0.13
0.00,-2.00,0.00,-0.03
0.00,0.00,0.00,0.00
0.00,4.00,0.00,0.07
-0.02,-5.00,-1.00,-0.09
0.12,12.00,8.00,0.18
0.04,3.00,3.00,0.04
0.00,-7.00,0.00,-0.12
0.00,-6.00,0.00,-0.10
-0.05,-6.00,-3.00,-0.09
-0.03,-9.00,-2.00,-0.15
0.00,0.00,0.00,0.00
0.00,0.00,0.00,0.00
0.00,0.00,0.00,0.00
0.00,0.00,0.00,0.00
0.00,0.00,0.00,0.00
0.00,0.00,0.00,0.00
0.00,-1.00,0.00,-0.02
-0.03,-5.00,-2.00,-0.08
-0.01,-1.00,-1.00,-0.01
-0.07,-4.00,-5.00,-0.06
-0.03,0.00,-2.00,0.00
0.00,0.00,0.00,0.00
-0.05,-5.00,-4.00,-0.06
0.00,-4.00,0.00,-0.05
0.01,2.00,1.00,0.02
0.00,1.00,0.00,0.01
0.00,0.00,0.00,0.00
0.00,0.00,0.00,0.00
0.00,0.00,0.00,0.00
0.00,0.00,0.00,0.00
0.00,0.00,0.00,0.00
0.00,0.00,0.00,0.00
0.03,1.00,3.00,0.01
0.00,-5.00,0.00,-0.05
-0.01,-4.00,-1.00,-0.04
0.00,2.00,0.00,0.02
0.00,-1.00,0.00,-0.01
-0.01,-1.00,-1.00,-0.01
-0.01,1.00,-1.00,0.01
0.02,8.00,3.00,0.06
-0.01,1.00,-1.00,0.01
0.02,4.00,3.00,0.03
0.01,-1.00,1.00,-0.01
-0.01,0.00,-1.00,0.00
0.01,0.00,1.00,0.00
0.02,5.00,3.00,0.04
0.00,3.00,0.00,0.02
-0.01,1.00,-1.00,0.01
0.01,0.00,1.00,0.00
0.00,0.00,0.00,0.00
0.00,-5.00,0.00,-0.04
0.02,6.00,3.00,0.04
0.00,0.00,0.00,0.00
0.01,-8.00,2.00,-0.06
0.00,-4.00,0.00,-0.03
-0.01,2.00,-2.00,0.01
0.00,0.00,0.00,0.00
0.00,2.00,0.00,0.01
0.00,-3.00,0.00,-0.02
-0.01,0.00,-2.00,0.00
0.00,4.00,0.00,0.02
-0.02,-3.00,-3.00,-0.02
0.00,-2.00,0.00,-0.01
0.00,-2.00,0.00,-0.01
0.00,-4.00,0.00,-0.02
0.02,8.00,4.00,0.04
0.00,-2.00,0.00,-0.01
0.02,-2.00,4.00,-0.01
0.00,-2.00,0.00,-0.01
0.00,2.00,0.00,0.01
0.00,0.00,0.00,0.00
0.00,0.00,0.00,0.00
0.00,2.00,0.00,0.01
0.00,0.00,0.00,0.00
0.00,2.00,0.00,0.01
0.01,2.00,2.00,0.01
0.00,2.00,0.00,0.01
0.00,0.00,0.00,0.00
0.00,0.00,0.00,0.00
0.00,0.00,0.00,0.00
0.00,0.00,0.00,0.00
0.00,0.00,0.00,0.00
0.00,-6.00,0.00,-0.03
0.01,2.00,2.00,0.01
0.00,0.00,0.00,0.00
0.00,0.00,0.00,0.00
0.00,0.00,0.00,0.00
0.00,2.00,0.00,0.01
-0.01,-2.00,-2.00,-0.01
-0.01,-2.00,-2.00,-0.01
0.00,0.00,0.00,0.00
0.00,0.00,0.00,0.00
0.00,-2.00,0.00,-0.01
0.00,0.00,0.00,0.00
0.00,0.00,0.00,0.00
0.00,-2.00,0.00,-0.01
0.00,0.00,0.00,0.00
0.00,0.00,0.00,0.00
0.01,2.00,2.00,0.01
0.00,2.00,0.00,0.01
-0.02,-2.00,-4.00,-0.01
0.00,2.00,0.00,0.01
0.00,-4.00,0.00,-0.02
0.01,2.00,2.00,0.01
0.00,-2.00,0.00,-0.01
0.00,5.00,0.00,0.02
-0.01,2.00,-2.00,0.01
0.00,2.00,0.00,0.01
0.00,2.00,0.00,0.01
-0.02,-6.00,-4.00,-0.03
0.00,0.00,0.00,0.00
0.00,-2.00,0.00,-0.01
0.00,0.00,0.00,0.00
-0.01,0.00,-2.00,0.00
0.00,0.00,0.00,0.00
0.00,0.00,0.00,0.00
0.01,2.00,3.00,0.01
0.01,2.00,3.00,0.01
0.02,5.00,5.00,0.02
-0.01,0.00,-2.00,0.00
0.01,3.00,3.00,0.01
0.00,3.00,0.00,0.01
-0.01,0.00,-2.00,0.00
0.00,3.00,0.00,0.01
-0.04,-5.00,-9.00,-0.02
0.00,0.00,0.00,0.00
-0.01,-9.00,-2.00,-0.04
0.00,0.00,0.00,0.00
0.00,0.00,0.00,0.00
0.00,0.00,0.00,0.00
0.00,0.00,0.00,0.00
0.00,-2.00,0.00,-0.01
0.00,3.00,0.00,0.01
0.01,3.00,3.00,0.01
-0.01,-3.00,-3.00,-0.01
-0.01,-8.00,-3.00,-0.03
0.00,0.00,0.00,0.00
0.00,6.00,0.00,0.02
0.00,-3.00,0.00,-0.01
0.00,-5.00,0.00,-0.02
0.00,0.00,0.00,0.00
0.00,0.00,0.00,0.00
0.00,-5.00,0.00,-0.02
-0.01,0.00,-3.00,0.00
-0.01,-5.00,-3.00,-0.02
0.00,0.00,0.00,0.00
0.00,3.00,0.00,0.01
0.00,0.00,0.00,0.00
0.00,0.00,0.00,0.00
0.00,0.00,0.00,0.00
0.00,0.00,0.00,0.00
0.00,0.00,0.00,0.00
0.00,-3.00,0.00,-0.01
-0.01,-3.00,-3.00,-0.01
0.00,0.00,0.00,0.00
-0.02,-11.00,-6.00,-0.04
0.00,0.00,0.00,0.00
0.00,0.00,0.00,0.00
-0.01,-3.00,-3.00,-0.01
0.00,0.00,0.00,0.00
0.00,-9.00,0.00,-0.03
0.00,-3.00,0.00,-0.01
-0.01,-9.00,-3.00,-0.03
0.00,0.00,0.00,0.00
-0.02,-6.00,-6.00,-0.02
0.00,0.00,0.00,0.00
0.00,0.00,0.00,0.00
0.00,0.00,0.00,0.00
0.00,0.00,0.00,0.00
0.00,0.00,0.00,0.00
-0.02,-3.00,-6.00,-0.01
0.00,0.00,0.00,0.00
-0.02,-9.00,-6.00,-0.03
0.00,-3.00,0.00,-0.01
-0.01,-3.00,-3.00,-0.01
-0.01,-3.00,-3.00,-0.01
-0.01,-3.00,-3.00,-0.01
-0.01,-3.00,-3.00,-0.01
0.00,-3.00,0.00,-0.01
0.00,-3.00,0.00,-0.01
-0.01,0.00,-3.00,0.00
0.00,-3.00,0.00,-0.01
-0.01,-3.00,-3.00,-0.01
0.00,8.00,0.00,0.02
-0.01,-3.00,-3.00,-0.01
-0.01,-3.00,-3.00,-0.01
0.00,0.00,0.00,0.00
0.00,-4.00,0.00,-0.01
0.00,-7.00,0.00,-0.02
0.00,-4.00,0.00,-0.01
0.00,0.00,0.00,0.00
0.00,0.00,0.00,0.00
-0.01,0.00,-4.00,0.00
0.00,0.00,0.00,0.00
-0.01,-4.00,-4.00,-0.01
0.00,-10.00,0.00,-0.03
0.00,0.00,0.00,0.00
0.00,-4.00,0.00,-0.01
0.00,-4.00,0.00,-0.01
0.00,0.00,0.00,0.00
0.00,0.00,0.00,0.00
0.00,0.00,0.00,0.00
0.00,0.00,0.00,0.00
0.00,0.00,0.00,0.00
0.00,0.00,0.00,0.00
0.00,0.00,0.00,0.00
0.00,-4.00,0.00,-0.01
0.00,0.00,0.00,0.00
0.00,0.00,0.00,0.00
0.00,0.00,0.00,0.00
0.00,0.00,0.00,0.00
0.00,0.00,0.00,0.00
0.00,0.00,0.00,0.00
0.00,0.00,0.00,0.00
0.00,0.00,0.00,0.00
0.00,0.00,0.00,0.00
0.00,0.00,0.00,0.00
0.00,-4.00,0.00,-0.01
0.00,0.00,0.00,0.00
0.00,0.00,0.00,0.00
0.00,0.00,0.00,0.00
0.00,0.00,0.00,0.00
0.00,0.00,0.00,0.00
0.00,0.00,0.00,0.00
0.00,0.00,0.00,0.00
0.00,0.00,0.00,0.00
0.00,0.00,0.00,0.00
0.00,0.00,0.00,0.00
-0.01,-4.00,-4.00,-0.01
0.00,0.00,0.00,0.00
0.00,0.00,0.00,0.00
0.00,0.00,0.00,0.00
0.00,0.00,0.00,0.00
0.01,0.00,4.00,0.00
0.00,0.00,0.00,0.00
-0.01,-4.00,-4.00,-0.01
0.00,0.00,0.00,0.00
0.00,0.00,0.00,0.00
0.01,-5.00,5.00,-0.01
0.00,0.00,0.00,0.00
0.00,0.00,0.00,0.00
0.00,-5.00,0.00,-0.01
0.00,0.00,0.00,0.00
0.00,0.00,0.00,0.00
-0.01,-5.00,-5.00,-0.01
0.00,-5.00,0.00,-0.01
0.00,-5.00,0.00,-0.01
0.00,0.00,0.00,0.00
"MTGO
49 tix","DECLINING CARDS
5▼","PRICE CHANGE
-0.28","RISING CARDS
1▲"
0.10,3.00,0.00,0.77
-0.77,-3.00,-3.00,-0.78
0.27,2.00,1.00,0.40
-0.36,0.00,-2.00,-0.06
0.00,-1.00,0.00,-0.21
-0.05,0.00,0.00,-0.04
0.45,3.00,2.00,0.57
0.00,-1.00,0.00,-0.17
0.00,0.00,0.00,-0.01
0.03,1.00,0.00,0.13
0.12,3.00,1.00,0.32
-0.25,-1.00,-2.00,-0.13
0.00,5.00,0.00,0.51
0.00,0.00,0.00,0.00
0.10,0.00,1.00,0.03
0.00,-1.00,0.00,-0.07
-0.05,0.00,-1.00,-0.03
-0.08,1.00,-1.00,0.08
0.00,-1.00,0.00,-0.08
0.00,0.00,0.00,-0.02
-0.35,-8.00,-5.00,-0.57
1.27,28.00,25.00,1.38
0.00,0.00,0.00,0.02
0.00,-2.00,0.00,-0.15
0.06,4.00,1.00,0.23
-0.11,-2.00,-2.00,-0.08
0.00,0.00,0.00,0.00
0.00,0.00,0.00,0.00
-0.05,0.00,-1.00,0.01
0.00,3.00,0.00,0.14
0.01,5.00,0.00,0.20
0.01,-1.00,0.00,-0.04
0.07,6.00,2.00,0.17
0.00,1.00,0.00,0.02
0.00,2.00,0.00,0.06
-0.01,1.00,0.00,0.03
0.01,-6.00,0.00,-0.17
0.00,8.00,0.00,0.17
0.00,0.00,0.00,0.00
0.00,-1.00,0.00,-0.01
-0.02,-1.00,-1.00,-0.02
0.02,-1.00,1.00,-0.02
0.00,0.00,0.00,0.00
0.06,5.00,4.00,0.08
0.00,-2.00,0.00,-0.03
0.00,2.00,0.00,0.02
-0.01,0.00,-1.00,0.00
-0.01,0.00,-1.00,0.00
0.00,0.00,0.00,0.00
0.00,0.00,0.00,0.00
0.00,0.00,0.00,0.00
0.00,0.00,0.00,0.00
0.00,0.00,0.00,0.00
0.00,0.00,0.00,0.00
0.00,0.00,0.00,0.00
0.05,0.00,6.00,0.00
0.01,3.00,1.00,0.03
0.00,1.00,0.00,0.01
-0.01,-5.00,-1.00,-0.04
0.01,-1.00,1.00,-0.01
-0.02,0.00,-3.00,0.00
0.00,-3.00,0.00,-0.02
0.00,0.00,0.00,0.00
-0.01,0.00,-1.00,0.00
0.00,0.00,0.00,0.00
0.01,2.00,2.00,0.01
0.00,0.00,0.00,0.00
0.00,-2.00,0.00,-0.01
-0.01,0.00,-2.00,0.00
0.00,-2.00,0.00,-0.01
-0.01,-2.00,-2.00,-0.01
0.00,2.00,0.00,0.01
0.00,0.00,0.00,0.00
0.00,0.00,0.00,0.00
0.00,0.00,0.00,0.00
-0.01,0.00,-2.00,0.00
0.00,-2.00,0.00,-0.01
0.00,-5.00,0.00,-0.03
0.00,0.00,0.00,0.00
0.00,-2.00,0.00,-0.01
-0.01,-2.00,-2.00,-0.01
0.00,-6.00,0.00,-0.03
0.00,0.00,0.00,0.00
-0.01,-2.00,-2.00,-0.01
0.00,-6.00,0.00,-0.03
0.00,0.00,0.00,0.00
0.00,2.00,0.00,0.01
0.00,0.00,0.00,0.00
0.00,0.00,0.00,0.00
0.00,0.00,0.00,0.00
0.00,0.00,0.00,0.00
0.00,0.00,0.00,0.00
0.00,0.00,0.00,0.00
0.00,0.00,0.00,0.00
0.00,0.00,0.00,0.00
0.00,0.00,0.00,0.00
0.01,-2.00,2.00,-0.01
0.00,2.00,0.00,0.01
0.00,0.00,0.00,0.00
0.00,-2.00,0.00,-0.01
0.00,0.00,0.00,0.00
0.00,-2.00,0.00,-0.01
0.00,-2.00,0.00,-0.01
0.00,0.00,0.00,0.00
0.00,0.00,0.00,0.00
0.00,-2.00,0.00,-0.01
0.00,0.00,0.00,0.00
0.00,2.00,0.00,0.01
-0.01,-2.00,-2.00,-0.01
0.01,0.00,2.00,0.00
0.01,2.00,2.00,0.01
0.00,2.00,0.00,0.01
0.01,2.00,2.00,0.01
0.00,0.00,0.00,0.00
0.00,0.00,0.00,0.00
0.00,0.00,0.00,0.00
0.00,0.00,0.00,0.00
0.00,0.00,0.00,0.00
0.00,0.00,0.00,0.00
0.00,-4.00,0.00,-0.02
0.00,-2.00,0.00,-0.01
0.00,0.00,0.00,0.00
0.00,0.00,0.00,0.00
0.00,0.00,0.00,0.00
0.00,0.00,0.00,0.00
0.00,-5.00,0.00,-0.02
0.00,0.00,0.00,0.00
0.02,2.00,5.00,0.01
0.00,0.00,0.00,0.00
0.00,-2.00,0.00,-0.01
-0.01,0.00,-2.00,0.00
0.00,-2.00,0.00,-0.01
0.00,0.00,0.00,0.00
-0.01,-3.00,-3.00,-0.01
0.00,-5.00,0.00,-0.02
0.00,0.00,0.00,0.00
0.00,-3.00,0.00,-0.01
-0.01,-3.00,-3.00,-0.01
0.00,-3.00,0.00,-0.01
0.00,-3.00,0.00,-0.01
0.00,0.00,0.00,0.00
0.00,0.00,0.00,0.00
0.00,-6.00,0.00,-0.02
0.00,0.00,0.00,0.00
-0.01,-3.00,-3.00,-0.01
0.00,-3.00,0.00,-0.01
0.00,-3.00,0.00,-0.01
0.00,0.00,0.00,0.00
0.00,0.00,0.00,0.00
0.00,0.00,0.00,0.00
0.00,0.00,0.00,0.00
0.00,0.00,0.00,0.00
0.00,-3.00,0.00,-0.01
-0.01,-3.00,-3.00,-0.01
0.00,-3.00,0.00,-0.01
0.00,-3.00,0.00,-0.01
0.00,0.00,0.00,0.00
-0.01,-3.00,-3.00,-0.01
-0.01,-3.00,-3.00,-0.01
0.00,0.00,0.00,0.00
0.00,-4.00,0.00,-0.01
-0.02,-7.00,-7.00,-0.02
0.00,0.00,0.00,0.00
0.00,0.00,0.00,0.00
0.00,-4.00,0.00,-0.01
0.00,0.00,0.00,0.00
0.00,-4.00,0.00,-0.01
0.00,0.00,0.00,0.00
-0.01,-7.00,-4.00,-0.02
0.00,0.00,0.00,0.00
-0.02,-7.00,-7.00,-0.02
0.00,0.00,0.00,0.00
0.00,0.00,0.00,0.00
0.00,0.00,0.00,0.00
0.00,0.00,0.00,0.00
0.00,0.00,0.00,0.00
0.00,0.00,0.00,0.00
0.00,-4.00,0.00,-0.01
0.00,0.00,0.00,0.00
0.00,0.00,0.00,0.00
0.00,0.00,0.00,0.00
0.00,0.00,0.00,0.00
-0.01,-4.00,-4.00,-0.01
0.00,0.00,0.00,0.00
0.00,0.00,0.00,0.00
0.00,-7.00,0.00,-0.02
0.00,0.00,0.00,0.00
0.00,0.00,0.00,0.00
0.00,0.00,0.00,0.00
0.00,0.00,0.00,0.00
0.00,0.00,0.00,0.00
0.00,0.00,0.00,0.00
0.00,0.00,0.00,0.00
0.00,0.00,0.00,0.00
0.00,0.00,0.00,0.00
0.00,-4.00,0.00,-0.01
0.00,0.00,0.00,0.00
0.00,0.00,0.00,0.00
0.00,0.00,0.00,0.00
0.00,0.00,0.00,0.00
0.00,-7.00,0.00,-0.02
0.00,-4.00,0.00,-0.01
0.00,0.00,0.00,0.00
0.00,0.00,0.00,0.00
0.00,0.00,0.00,0.00
0.00,0.00,0.00,0.00
0.00,0.00,0.00,0.00
0.00,0.00,0.00,0.00
0.00,0.00,0.00,0.00
0.00,0.00,0.00,0.00
0.00,0.00,0.00,0.00
0.00,0.00,0.00,0.00
0.00,0.00,0.00,0.00
0.00,0.00,0.00,0.00
0.00,0.00,0.00,0.00
0.00,0.00,0.00,0.00
0.00,0.00,0.00,0.00
-0.01,0.00,-4.00,0.00
0.00,0.00,0.00,0.00
-0.02,-7.00,-7.00,-0.02
0.00,0.00,0.00,0.00
0.00,0.00,0.00,0.00
0.00,0.00,0.00,0.00
0.00,0.00,0.00,0.00
0.00,0.00,0.00,0.00
0.00,0.00,0.00,0.00
0.00,0.00,0.00,0.00
0.00,0.00,0.00,0.00
0.00,0.00,0.00,0.00
0.00,0.00,0.00,0.00
0.00,0.00,0.00,0.00
0.00,0.00,0.00,0.00
0.00,0.00,0.00,0.00
0.00,0.00,0.00,0.00
0.00,0.00,0.00,0.00
0.00,0.00,0.00,0.00
0.00,0.00,0.00,0.00
0.00,0.00,0.00,0.00
0.00,0.00,0.00,0.00
0.00,0.00,0.00,0.00
0.00,0.00,0.00,0.00
0.00,0.00,0.00,0.00
0.00,0.00,0.00,0.00
0.00,0.00,0.00,0.00
0.00,0.00,0.00,0.00
0.00,-4.00,0.00,-0.01
0.00,0.00,0.00,0.00
0.00,-4.00,0.00,-0.01
0.00,-4.00,0.00,-0.01
0.00,0.00,0.00,0.00
0.00,-4.00,0.00,-0.01
0.00,0.00,0.00,0.00
0.00,0.00,0.00,0.00
0.00,0.00,0.00,0.00
0.00,-4.00,0.00,-0.01
0.00,0.00,0.00,0.00
0.00,-4.00,0.00,-0.01
0.00,0.00,0.00,0.00
0.00,0.00,0.00,0.00
0.00,-4.00,0.00,-0.01
0.00,0.00,0.00,0.00
0.00,0.00,0.00,0.00
0.00,-4.00,0.00,-0.01
0.00,0.00,0.00,0.00
-0.01,-4.00,-4.00,-0.01
0.00,0.00,0.00,0.00
0.00,0.00,0.00,0.00
0.00,0.00,0.00,0.00
0.00,0.00,0.00,0.00
0.00,0.00,0.00,0.00
0.00,-4.00,0.00,-0.01
0.00,-4.00,0.00,-0.01
0.00,0.00,0.00,0.00
0.00,0.00,0.00,0.00
0.00,0.00,0.00,0.00
0.00,0.00,0.00,0.00
-0.01,-4.00,-4.00,-0.01
0.00,0.00,0.00,0.00
0.00,-4.00,0.00,-0.01
-0.01,5.00,-4.00,0.01
-0.01,-4.00,-4.00,-0.01
-0.01,-4.00,-4.00,-0.01
-0.01,-4.00,-4.00,-0.01
0.00,0.00,0.00,0.00
-0.01,-4.00,-4.00,-0.01
-0.01,-4.00,-4.00,-0.01
-0.01,-4.00,-4.00,-0.01
0.00,-5.00,0.00,-0.01
0.01,-9.00,5.00,-0.02
-0.01,-5.00,-5.00,-0.01
-0.01,-4.00,-5.00,-0.01
-0.01,-5.00,-5.00,-0.01
0.00,-5.00,0.00,-0.01
0.00,0.00,0.00,0.00
0.00,-9.00,0.00,-0.02
-0.02,-5.00,-9.00,-0.01
0.00,0.00,0.00,0.00
-0.01,-9.00,-5.00,-0.02
0.00,-5.00,0.00,-0.01
-0.01,-13.00,-5.00,-0.03
0.00,-9.00,0.00,-0.02
-0.01,0.00,-5.00,0.00
0.00,-9.00,0.00,-0.02
0.00,0.00,0.00,0.00
0.00,-5.00,0.00,-0.01
-0.02,-9.00,-9.00,-0.02
0.00,0.00,0.00,0.00
0.00,-5.00,0.00,-0.01
0.00,0.00,0.00,0.00
0.00,0.00,0.00,0.00
-0.01,-9.00,-5.00,-0.02
0.00,0.00,0.00,0.00
0.00,-5.00,0.00,-0.01
-0.01,-5.00,-5.00,-0.01
0.00,0.00,0.00,0.00
0.00,-5.00,0.00,-0.01
0.00,0.00,0.00,0.00
0.00,0.00,0.00,0.00
0.00,0.00,0.00,0.00
-0.01,-5.00,-5.00,-0.01
0.00,0.00,0.00,0.00
0.00,0.00,0.00,0.00
0.00,0.00,0.00,0.00
0.00,0.00,0.00,0.00
-0.01,0.00,-5.00,0.00
0.00,-5.00,0.00,-0.01
0.00,-5.00,0.00,-0.01
0.01,5.00,6.00,0.01
0.00,0.00,0.00,0.00
0.00,-5.00,0.00,-0.01
0.00,7.00,0.00,0.51
0.00,0.00,0.00,0.00
0.00,-1.00,0.00,-0.02
0.00,11.00,0.00,0.17
-0.05,5.00,-3.00,0.07
0.00,4.00,0.00,0.04
0.06,20.00,6.00,0.17
0.00,-6.00,0.00,-0.06
0.00,2.00,0.00,0.02
0.00,6.00,0.00,0.05
0.00,1.00,0.00,0.01
0.00,0.00,0.00,0.00
0.00,0.00,0.00,0.00
0.00,0.00,0.00,0.00
0.00,6.00,0.00,0.03
0.00,2.00,0.00,0.01
-0.06,-17.00,-11.00,-0.10
0.00,0.00,0.00,0.00
0.00,0.00,0.00,0.00
0.00,4.00,0.00,0.01
0.00,0.00,0.00,0.00
-0.17,-20.00,-39.00,-0.07
0.00,0.00,0.00,0.00
0.00,0.00,0.00,0.00
0.00,0.00,0.00,0.00
0.00,45.00,0.00,0.06
0.00,0.00,0.00,0.00
-0.05,-20.00,-24.00,-0.04
0.00,7.00,0.00,0.01
0.00,0.00,0.00,0.00
0.00,0.00,0.00,0.00
0.00,0.00,0.00,0.00
0.00,0.00,0.00,0.00
0.00,0.00,0.00,0.00
0.00,8.00,0.00,0.01
0.00,0.00,0.00,0.00
0.00,0.00,0.00,0.00
0.00,0.00,0.00,0.00
0.00,0.00,0.00,0.00
0.00,0.00,0.00,0.00
0.00,0.00,0.00,0.00
0.00,0.00,0.00,0.00
0.00,0.00,0.00,0.00
0.00,0.00,0.00,0.00
0.00,0.00,0.00,0.00
0.00,0.00,0.00,0.00
0.00,0.00,0.00,0.00
0.00,38.00,0.00,0.03
0.00,0.00,0.00,0.00
0.00,0.00,0.00,0.00
0.00,0.00,0.00,0.00
0.00,0.00,0.00,0.00
0.00,0.00,0.00,0.00
0.00,0.00,0.00,0.00
0.00,0.00,0.00,0.00
0.00,0.00,0.00,0.00
0.00,0.00,0.00,0.00
0.00,0.00,0.00,0.00
0.00,0.00,0.00,0.00
0.00,0.00,0.00,0.00
0.00,0.00,0.00,0.00
0.00,0.00,0.00,0.00
0.00,0.00,0.00,0.00
0.00,0.00,0.00,0.00
0.00,0.00,0.00,0.00
0.00,0.00,0.00,0.00
0.00,0.00,0.00,0.00
0.00,0.00,0.00,0.00
0.00,0.00,0.00,0.00
0.00,0.00,0.00,0.00
0.00,0.00,0.00,0.00
0.00,0.00,0.00,0.00
0.00,0.00,0.00,0.00
0.00,0.00,0.00,0.00
0.00,0.00,0.00,0.00
0.00,0.00,0.00,0.00
0.00,0.00,0.00,0.00
0.00,0.00,0.00,0.00
0.00,0.00,0.00,0.00
0.00,0.00,0.00,0.00
0.00,0.00,0.00,0.00
0.00,0.00,0.00,0.00
0.00,0.00,0.00,0.00
0.00,0.00,0.00,0.00
0.00,0.00,0.00,0.00
0.00,0.00,0.00,0.00
0.00,0.00,0.00,0.00
0.00,0.00,0.00,0.00
0.00,0.00,0.00,0.00
0.00,0.00,0.00,0.00
0.00,0.00,0.00,0.00
0.00,0.00,0.00,0.00
0.00,0.00,0.00,0.00
0.00,0.00,0.00,0.00
0.00,0.00,0.00,0.00
0.00,0.00,0.00,0.00
0.00,0.00,0.00,0.00
0.00,0.00,0.00,0.00
0.00,0.00,0.00,0.00
0.00,0.00,0.00,0.00
0.00,0.00,0.00,0.00
0.00,0.00,0.00,0.00
0.00,0.00,0.00,0.00
0.00,0.00,0.00,0.00
0.00,0.00,0.00,0.00
0.00,0.00,0.00,0.00
0.00,0.00,0.00,0.00
0.00,0.00,0.00,0.00
0.00,0.00,0.00,0.00
0.00,0.00,0.00,0.00
0.00,0.00,0.00,0.00
0.00,0.00,0.00,0.00
0.00,0.00,0.00,0.00
0.00,0.00,0.00,0.00
0.00,0.00,0.00,0.00
0.00,-10.00,0.00,-0.01
0.00,0.00,0.00,0.00
0.00,0.00,0.00,0.00
0.00,0.00,0.00,0.00
0.00,0.00,0.00,0.00
0.00,0.00,0.00,0.00
0.00,0.00,0.00,0.00
0.00,0.00,0.00,0.00
0.00,0.00,0.00,0.00
0.00,0.00,0.00,0.00
0.00,0.00,0.00,0.00
0.00,0.00,0.00,0.00
0.00,0.00,0.00,0.00
0.00,0.00,0.00,0.00
0.00,0.00,0.00,0.00
0.00,0.00,0.00,0.00
0.00,0.00,0.00,0.00
0.00,0.00,0.00,0.00
0.00,0.00,0.00,0.00
0.00,0.00,0.00,0.00
0.00,0.00,0.00,0.00
0.00,0.00,0.00,0.00
0.00,0.00,0.00,0.00
0.00,0.00,0.00,0.00
0.00,0.00,0.00,0.00
0.00,0.00,0.00,0.00
0.00,0.00,0.00,0.00
0.00,0.00,0.00,0.00
0.00,0.00,0.00,0.00
0.00,0.00,0.00,0.00
0.00,0.00,0.00,0.00
0.00,0.00,0.00,0.00
0.00,0.00,0.00,0.00
0.00,0.00,0.00,0.00
0.00,0.00,0.00,0.00
0.00,0.00,0.00,0.00
0.00,0.00,0.00,0.00
0.00,0.00,0.00,0.00
0.00,0.00,0.00,0.00
0.00,0.00,0.00,0.00
0.00,0.00,0.00,0.00
0.00,0.00,0.00,0.00
0.00,0.00,0.00,0.00
0.00,0.00,0.00,0.00
0.00,0.00,0.00,0.00
0.00,0.00,0.00,0.00
0.00,0.00,0.00,0.00
0.00,0.00,0.00,0.00
0.00,0.00,0.00,0.00
0.00,0.00,0.00,0.00
0.00,0.00,0.00,0.00
0.00,0.00,0.00,0.00
0.00,0.00,0.00,0.00
0.00,0.00,0.00,0.00
0.00,0.00,0.00,0.00
0.00,0.00,0.00,0.00
0.00,0.00,0.00,0.00
0.00,0.00,0.00,0.00
0.00,0.00,0.00,0.00
0.00,0.00,0.00,0.00
0.00,0.00,0.00,0.00
0.00,0.00,0.00,0.00
0.00,0.00,0.00,0.00
0.00,0.00,0.00,0.00
0.00,0.00,0.00,0.00
0.00,0.00,0.00,0.00
0.00,0.00,0.00,0.00
0.00,0.00,0.00,0.00
0.00,0.00,0.00,0.00
0.00,0.00,0.00,0.00
0.00,0.00,0.00,0.00
0.00,0.00,0.00,0.00
0.00,0.00,0.00,0.00
0.00,0.00,0.00,0.00
0.00,0.00,0.00,0.00
0.00,0.00,0.00,0.00
0.00,0.00,0.00,0.00
0.00,0.00,0.00,0.00
0.00,0.00,0.00,0.00
0.00,0.00,0.00,0.00
0.00,0.00,0.00,0.00
0.00,0.00,0.00,0.00
0.00,0.00,0.00,0.00
0.00,0.00,0.00,0.00
0.00,0.00,0.00,0.00
0.00,0.00,0.00,0.00
0.00,0.00,0.00,0.00
0.00,0.00,0.00,0.00
0.00,0.00,0.00,0.00
0.00,0.00,0.00,0.00
0.00,0.00,0.00,0.00
0.00,0.00,0.00,0.00
0.00,0.00,0.00,0.00
0.00,-33.00,0.00,-0.03
0.00,0.00,0.00,0.00
0.00,0.00,0.00,0.00
0.00,0.00,0.00,0.00
0.00,0.00,0.00,0.00
0.00,0.00,0.00,0.00
0.00,0.00,0.00,0.00
0.00,0.00,0.00,0.00
0.00,0.00,0.00,0.00
0.00,0.00,0.00,0.00
0.00,23.00,0.00,0.01
0.00,0.00,0.00,0.00
0.00,0.00,0.00,0.00
0.00,0.00,0.00,0.00
0.00,59.00,0.00,0.02
0.00,23.00,0.00,0.01
0.00,0.00,0.00,0.00
0.00,0.00,0.00,0.00
0.00,0.00,0.00,0.00
0.00,0.00,0.00,0.00
0.00,0.00,0.00,0.00
0.00,0.00,0.00,0.00
0.00,0.00,0.00,0.00
0.00,0.00,0.00,0.00
0.00,0.00,0.00,0.00
0.00,0.00,0.00,0.00
0.00,0.00,0.00,0.00
0.00,0.00,0.00,0.00
0.00,0.00,0.00,0.00
0.00,0.00,0.00,0.00
0.00,0.00,0.00,0.00
0.00,0.00,0.00,0.00
0.00,0.00,0.00,0.00
0.00,0.00,0.00,0.00
0.00,0.00,0.00,0.00
0.00,0.00,0.00,0.00
0.00,0.00,0.00,0.00
0.00,0.00,0.00,0.00
0.00,0.00,0.00,0.00
-0.01,-25.00,-25.00,-0.01
0.00,0.00,0.00,0.00
0.00,0.00,0.00,0.00
0.00,0.00,0.00,0.00
0.00,0.00,0.00,0.00
0.00,0.00,0.00,0.00
0.00,0.00,0.00,0.00
0.00,0.00,0.00,0.00
0.00,0.00,0.00,0.00
0.00,50.00,0.00,0.01
0.00,0.00,0.00,0.00
0.00,0.00,0.00,0.00
0.00,0.00,0.00,0.00
0.00,0.00,0.00,0.00
0.00,0.00,0.00,0.00
0.00,0.00,0.00,0.00
0.00,0.00,0.00,0.00
0.00,0.00,0.00,0.00
0.00,0.00,0.00,0.00
0.00,0.00,0.00,0.00
0.00,0.00,0.00,0.00
0.00,0.00,0.00,0.00
0.00,0.00,0.00,0.00
0.00,0.00,0.00,0.00
0.00,0.00,0.00,0.00
0.00,0.00,0.00,0.00
0.00,0.00,0.00,0.00
0.00,0.00,0.00,0.00
0.00,0.00,0.00,0.00
0.00,0.00,0.00,0.00
0.00,0.00,0.00,0.00
0.00,0.00,0.00,0.00
0.00,0.00,0.00,0.00
0.00,0.00,0.00,0.00
0.00,0.00,0.00,0.00
0.00,0.00,0.00,0.00
0.00,0.00,0.00,0.00
0.00,0.00,0.00,0.00
0.00,0.00,0.00,0.00
0.00,0.00,0.00,0.00
0.00,0.00,0.00,0.00
0.00,0.00,0.00,0.00
0.00,0.00,0.00,0.00
0.00,0.00,0.00,0.00
0.00,0.00,0.00,0.00
0.00,0.00,0.00,0.00
0.00,0.00,0.00,0.00
0.00,0.00,0.00,0.00
0.00,0.00,0.00,0.00
0.00,0.00,0.00,0.00
0.00,0.00,0.00,0.00
0.00,0.00,0.00,0.00
0.00,0.00,0.00,0.00
0.00,0.00,0.00,0.00
0.00,0.00,0.00,0.00
0.00,0.00,0.00,0.00
0.00,0.00,0.00,0.00
0.00,0.00,0.00,0.00
0.00,0.00,0.00,0.00
0.00,0.00,0.00,0.00
0.00,0.00,0.00,0.00
0.00,0.00,0.00,0.00
0.00,0.00,0.00,0.00
0.00,0.00,0.00,0.00
0.00,0.00,0.00,0.00
0.00,0.00,0.00,0.00
0.00,0.00,0.00,0.00
0.00,0.00,0.00,0.00
0.00,0.00,0.00,0.00
0.00,0.00,0.00,0.00
0.00,0.00,0.00,0.00
0.00,0.00,0.00,0.00
0.00,0.00,0.00,0.00
0.00,0.00,0.00,0.00
0.00,0.00,0.00,0.00
0.00,0.00,0.00,0.00
0.00,0.00,0.00,0.00
0.00,0.00,0.00,0.00
0.00,0.00,0.00,0.00
0.00,0.00,0.00,0.00
0.00,0.00,0.00,0.00
0.00,0.00,0.00,0.00
0.00,0.00,0.00,0.00
"MTGO
21 tix","DECLINING CARDS
6▼","PRICE CHANGE
-0.09","RISING CARDS
6▲"
-0.04,1.00,0.00,0.37
0.00,0.00,0.00,0.00
-0.10,-1.00,-1.00,-0.29
0.05,3.00,0.00,0.31
-0.01,-1.00,0.00,-0.05
0.02,1.00,0.00,0.05
0.05,0.00,1.00,0.01
0.12,5.00,2.00,0.38
0.00,-1.00,0.00,-0.09
-0.01,-1.00,0.00,-0.05
0.01,13.00,0.00,0.58
0.02,-4.00,0.00,-0.19
-0.02,-1.00,0.00,-0.06
0.11,3.00,3.00,0.11
0.02,0.00,0.00,-0.01
0.03,-1.00,1.00,-0.02
-0.03,-2.00,-1.00,-0.06
-0.01,-2.00,0.00,-0.08
0.00,-4.00,0.00,-0.11
0.00,0.00,0.00,-0.01
0.01,0.00,0.00,-0.01
0.01,1.00,1.00,0.01
0.00,0.00,0.00,0.00
0.01,1.00,1.00,0.01
0.00,-1.00,0.00,-0.02
0.00,-2.00,0.00,-0.03
0.03,4.00,2.00,0.05
0.00,2.00,0.00,0.03
0.00,-1.00,0.00,-0.01
0.02,-3.00,2.00,-0.04
-0.01,0.00,-1.00,0.00
0.00,0.00,0.00,0.00
0.00,-1.00,0.00,-0.01
0.00,-1.00,0.00,-0.01
0.01,4.00,1.00,0.03
0.00,-3.00,0.00,-0.02
-0.01,1.00,-1.00,0.01
0.00,2.00,0.00,0.01
0.00,0.00,0.00,0.00
0.01,0.00,2.00,0.00
0.00,4.00,0.00,0.02
0.00,0.00,0.00,0.00
0.00,0.00,0.00,0.00
0.00,0.00,0.00,0.00
0.00,2.00,0.00,0.01
0.00,0.00,0.00,0.00
0.00,0.00,0.00,0.00
0.00,4.00,0.00,0.02
0.00,0.00,0.00,0.00
0.00,0.00,0.00,0.00
0.00,-4.00,0.00,-0.02
0.01,-2.00,2.00,-0.01
-0.01,-2.00,-2.00,-0.01
0.00,-2.00,0.00,-0.01
0.01,-2.00,3.00,-0.01
-0.02,0.00,-5.00,0.00
0.02,0.00,5.00,0.00
0.00,3.00,0.00,0.01
0.00,0.00,0.00,0.00
0.00,0.00,0.00,0.00
0.00,0.00,0.00,0.00
0.00,0.00,0.00,0.00
0.00,0.00,0.00,0.00
0.00,3.00,0.00,0.01
0.00,0.00,0.00,0.00
0.00,0.00,0.00,0.00
-0.01,0.00,-3.00,0.00
0.00,-3.00,0.00,-0.01
-0.01,0.00,-3.00,0.00
-0.02,-9.00,-6.00,-0.03
-0.01,-6.00,-3.00,-0.02
0.00,-3.00,0.00,-0.01
0.00,-3.00,0.00,-0.01
0.00,0.00,0.00,0.00
0.00,-3.00,0.00,-0.01
0.00,-3.00,0.00,-0.01
0.01,0.00,4.00,0.00
0.00,-3.00,0.00,-0.01
0.00,-4.00,0.00,-0.01
0.00,-4.00,0.00,-0.01
0.00,0.00,0.00,0.00
0.00,-4.00,0.00,-0.01
0.00,0.00,0.00,0.00
0.00,0.00,0.00,0.00
0.00,0.00,0.00,0.00
0.00,0.00,0.00,0.00
0.00,0.00,0.00,0.00
0.00,0.00,0.00,0.00
0.00,0.00,0.00,0.00
0.00,0.00,0.00,0.00
0.00,0.00,0.00,0.00
0.00,0.00,0.00,0.00
0.00,0.00,0.00,0.00
0.00,0.00,0.00,0.00
0.00,0.00,0.00,0.00
0.00,0.00,0.00,0.00
0.00,0.00,0.00,0.00
0.00,0.00,0.00,0.00
0.00,0.00,0.00,0.00
0.00,0.00,0.00,0.00
0.00,0.00,0.00,0.00
0.01,0.00,4.00,0.00
0.00,0.00,0.00,0.00
0.00,0.00,0.00,0.00
0.00,0.00,0.00,0.00
0.00,0.00,0.00,0.00
0.00,0.00,0.00,0.00
0.00,0.00,0.00,0.00
0.00,0.00,0.00,0.00
0.00,0.00,0.00,0.00
0.00,0.00,0.00,0.00
0.00,0.00,0.00,0.00
0.00,0.00,0.00,0.00
0.00,0.00,0.00,0.00
-0.01,-4.00,-4.00,-0.01
0.00,0.00,0.00,0.00
0.00,0.00,0.00,0.00
0.00,0.00,0.00,0.00
0.00,0.00,0.00,0.00
0.00,0.00,0.00,0.00
0.00,0.00,0.00,0.00
0.00,0.00,0.00,0.00
0.00,0.00,0.00,0.00
0.00,0.00,0.00,0.00
0.00,0.00,0.00,0.00
0.00,0.00,0.00,0.00
0.00,0.00,0.00,0.00
0.00,0.00,0.00,0.00
0.00,0.00,0.00,0.00
0.00,0.00,0.00,0.00
0.00,0.00,0.00,0.00
0.00,-4.00,0.00,-0.01
0.00,0.00,0.00,0.00
0.00,0.00,0.00,0.00
0.01,0.00,4.00,0.00
0.00,0.00,0.00,0.00
0.00,-4.00,0.00,-0.01
0.00,-4.00,0.00,-0.01
0.00,-4.00,0.00,-0.01
0.00,0.00,0.00,0.00
0.00,-4.00,0.00,-0.01
0.00,-4.00,0.00,-0.01
0.01,0.00,5.00,0.00
0.01,0.00,5.00,0.00
0.00,-4.00,0.00,-0.01
0.01,0.00,5.00,0.00
0.00,0.00,0.00,0.00
0.00,-5.00,0.00,-0.01
0.01,0.00,5.00,0.00
0.00,0.00,0.00,0.00
0.00,0.00,0.00,0.00
0.01,0.00,5.00,0.00
0.00,0.00,0.00,0.00
0.01,0.00,5.00,0.00
0.00,0.00,0.00,0.00
0.00,0.00,0.00,0.00
0.00,0.00,0.00,0.00
0.00,0.00,0.00,0.00
0.00,0.00,0.00,0.00
0.00,0.00,0.00,0.00
0.00,0.00,0.00,0.00
0.00,0.00,0.00,0.00
0.00,0.00,0.00,0.00
0.00,0.00,0.00,0.00
0.00,0.00,0.00,0.00
0.00,0.00,0.00,0.00
0.01,0.00,5.00,0.00
0.00,0.00,0.00,0.00
0.01,0.00,5.00,0.00
0.01,0.00,5.00,0.00
0.00,-9.00,0.00,-0.02
0.00,0.00,0.00,0.00
0.00,-5.00,0.00,-0.01
0.01,0.00,6.00,0.00
0.01,0.00,6.00,0.00
0.00,0.00,0.00,0.00
0.00,0.00,0.00,0.00
-0.01,-5.00,-5.00,-0.01
0.01,0.00,6.00,0.00
0.00,0.00,0.00,0.00
0.00,0.00,0.00,0.00
0.00,0.00,0.00,0.00
0.00,-5.00,0.00,-0.01
0.00,-5.00,0.00,-0.01
0.01,0.00,6.00,0.00
0.00,0.00,0.00,0.00
0.00,-5.00,0.00,-0.01
0.00,-5.00,0.00,-0.01
0.01,0.00,6.00,0.00
0.00,-5.00,0.00,-0.01
0.00,-5.00,0.00,-0.01
0.00,-5.00,0.00,-0.01
0.00,-5.00,0.00,-0.01
0.00,-5.00,0.00,-0.01
0.01,-5.00,6.00,-0.01
0.01,0.00,6.00,0.00
0.01,-5.00,6.00,-0.01
0.01,0.00,6.00,0.00
0.00,-5.00,0.00,-0.01
0.01,-5.00,6.00,-0.01
0.01,-5.00,6.00,-0.01
0.00,-5.00,0.00,-0.01
0.01,0.00,6.00,0.00
0.00,-11.00,0.00,-0.02
0.00,-6.00,0.00,-0.01
0.01,3.00,0.00,0.13
0.07,4.00,2.00,0.16
-0.17,2.00,-8.00,0.03
0.00,53.00,0.00,0.60
0.06,22.00,4.00,0.29
-0.08,-54.00,-9.00,-0.99
0.05,-20.00,7.00,-0.19
0.03,12.00,5.00,0.07
-0.04,-24.00,-8.00,-0.14
0.00,-12.00,0.00,-0.02
-0.01,-57.00,-8.00,-0.15
0.00,10.00,0.00,0.01
0.03,308.00,38.00,0.08
0.00,0.00,0.00,0.00
0.00,0.00,0.00,0.00
0.00,0.00,0.00,0.00
-0.03,136.00,-38.00,0.03
0.00,-17.00,0.00,-0.01
0.00,-18.00,0.00,-0.01
0.00,0.00,0.00,0.00
0.00,0.00,0.00,0.00
0.00,0.00,0.00,0.00
0.00,0.00,0.00,0.00
0.00,0.00,0.00,0.00
0.00,33.00,0.00,0.01
0.00,0.00,0.00,0.00
0.00,0.00,0.00,0.00
0.00,0.00,0.00,0.00
0.00,0.00,0.00,0.00
0.00,0.00,0.00,0.00
0.00,0.00,0.00,0.00
0.00,0.00,0.00,0.00
0.00,0.00,0.00,0.00
0.00,0.00,0.00,0.00
0.00,0.00,0.00,0.00
0.00,0.00,0.00,0.00
0.00,0.00,0.00,0.00
0.00,0.00,0.00,0.00
0.00,0.00,0.00,0.00
0.00,0.00,0.00,0.00
0.00,0.00,0.00,0.00
0.00,0.00,0.00,0.00
0.00,0.00,0.00,0.00
0.00,0.00,0.00,0.00
0.00,0.00,0.00,0.00
0.00,0.00,0.00,0.00
0.00,0.00,0.00,0.00
0.00,0.00,0.00,0.00
0.00,0.00,0.00,0.00
0.00,0.00,0.00,0.00
0.00,0.00,0.00,0.00
0.00,0.00,0.00,0.00
0.00,0.00,0.00,0.00
0.00,0.00,0.00,0.00
0.00,0.00,0.00,0.00
0.00,0.00,0.00,0.00
0.00,0.00,0.00,0.00
0.00,0.00,0.00,0.00
0.00,0.00,0.00,0.00
0.00,0.00,0.00,0.00
0.00,0.00,0.00,0.00
0.00,0.00,0.00,0.00
0.00,0.00,0.00,0.00
0.00,0.00,0.00,0.00
0.00,0.00,0.00,0.00
0.00,0.00,0.00,0.00
0.00,0.00,0.00,0.00
0.00,0.00,0.00,0.00
0.00,0.00,0.00,0.00
0.00,0.00,0.00,0.00
0.00,0.00,0.00,0.00
0.00,0.00,0.00,0.00
0.00,0.00,0.00,0.00
0.00,0.00,0.00,0.00
0.00,0.00,0.00,0.00
0.00,0.00,0.00,0.00
0.00,0.00,0.00,0.00
0.00,0.00,0.00,0.00
0.00,0.00,0.00,0.00
0.00,0.00,0.00,0.00
0.00,0.00,0.00,0.00
0.00,0.00,0.00,0.00
0.00,0.00,0.00,0.00
0.00,0.00,0.00,0.00
0.00,0.00,0.00,0.00
0.00,0.00,0.00,0.00
0.00,0.00,0.00,0.00
0.00,0.00,0.00,0.00
0.00,0.00,0.00,0.00
0.00,0.00,0.00,0.00
0.00,0.00,0.00,0.00
0.00,0.00,0.00,0.00
0.00,0.00,0.00,0.00
0.00,0.00,0.00,0.00
0.00,0.00,0.00,0.00
0.00,0.00,0.00,0.00
0.00,0.00,0.00,0.00
0.00,0.00,0.00,0.00
0.00,0.00,0.00,0.00
0.00,0.00,0.00,0.00
0.00,0.00,0.00,0.00
0.00,0.00,0.00,0.00
0.00,0.00,0.00,0.00
0.00,0.00,0.00,0.00
0.00,0.00,0.00,0.00
0.00,0.00,0.00,0.00
0.00,0.00,0.00,0.00
0.00,0.00,0.00,0.00
0.00,0.00,0.00,0.00
0.00,0.00,0.00,0.00
0.00,0.00,0.00,0.00
0.00,0.00,0.00,0.00
0.00,0.00,0.00,0.00
0.00,0.00,0.00,0.00
0.00,0.00,0.00,0.00
0.00,0.00,0.00,0.00
0.00,0.00,0.00,0.00
0.00,0.00,0.00,0.00
0.00,0.00,0.00,0.00
0.00,0.00,0.00,0.00
0.00,0.00,0.00,0.00
0.00,0.00,0.00,0.00
0.00,0.00,0.00,0.00
0.00,0.00,0.00,0.00
0.00,0.00,0.00,0.00
0.00,0.00,0.00,0.00
0.00,0.00,0.00,0.00
0.00,0.00,0.00,0.00
0.00,0.00,0.00,0.00
0.00,0.00,0.00,0.00
0.00,0.00,0.00,0.00
0.00,0.00,0.00,0.00
0.00,0.00,0.00,0.00
0.00,0.00,0.00,0.00
0.00,0.00,0.00,0.00
0.00,0.00,0.00,0.00
0.00,0.00,0.00,0.00
0.00,0.00,0.00,0.00
0.00,0.00,0.00,0.00
0.00,0.00,0.00,0.00
0.00,0.00,0.00,0.00
0.00,0.00,0.00,0.00
0.00,0.00,0.00,0.00
0.00,0.00,0.00,0.00
0.00,0.00,0.00,0.00
0.00,0.00,0.00,0.00
0.00,0.00,0.00,0.00
0.00,0.00,0.00,0.00
0.00,0.00,0.00,0.00
0.00,0.00,0.00,0.00
0.00,0.00,0.00,0.00
0.00,0.00,0.00,0.00
0.00,0.00,0.00,0.00
0.00,0.00,0.00,0.00
0.00,0.00,0.00,0.00
0.00,0.00,0.00,0.00
0.00,0.00,0.00,0.00
0.00,0.00,0.00,0.00
0.00,0.00,0.00,0.00
0.00,0.00,0.00,0.00
0.00,0.00,0.00,0.00
0.00,0.00,0.00,0.00
0.00,0.00,0.00,0.00
0.00,0.00,0.00,0.00
0.00,0.00,0.00,0.00
0.00,0.00,0.00,0.00
0.00,0.00,0.00,0.00
0.00,0.00,0.00,0.00
0.00,0.00,0.00,0.00
0.00,0.00,0.00,0.00
0.00,0.00,0.00,0.00
0.00,0.00,0.00,0.00
0.00,0.00,0.00,0.00
0.00,0.00,0.00,0.00
0.00,-50.00,0.00,-0.01
0.00,0.00,0.00,0.00
0.00,0.00,0.00,0.00
0.00,-50.00,0.00,-0.01
0.00,0.00,0.00,0.00
-0.01,0.00,-50.00,0.00
0.00,-50.00,0.00,-0.01
0.00,0.00,0.00,0.00
0.00,0.00,0.00,0.00
0.00,0.00,0.00,0.00
0.00,0.00,0.00,0.00
0.00,0.00,0.00,0.00
0.00,0.00,0.00,0.00
0.00,0.00,0.00,0.00
0.00,0.00,0.00,0.00
0.00,-50.00,0.00,-0.01
0.00,0.00,0.00,0.00
0.00,0.00,0.00,0.00
0.00,0.00,0.00,0.00
0.00,0.00,0.00,0.00
0.00,0.00,0.00,0.00
0.00,0.00,0.00,0.00
0.00,0.00,0.00,0.00
0.00,0.00,0.00,0.00
0.00,0.00,0.00,0.00
0.00,-50.00,0.00,-0.01
0.00,0.00,0.00,0.00
0.00,0.00,0.00,0.00
0.00,-63.00,0.00,-0.01
0.00,0.00,0.00,0.00
0.00,0.00,0.00,0.00
0.00,0.00,0.00,0.00
"MTGO
30 tix","DECLINING CARDS
6▼","PRICE CHANGE
1.50","RISING CARDS
5▲"
0.99,2.00,1.00,1.55
0.00,0.00,0.00,0.00
0.21,-2.00,1.00,-0.92
0.00,-2.00,0.00,-0.58
0.00,-3.00,0.00,-0.59
-0.31,-5.00,-2.00,-0.90
-0.03,0.00,0.00,0.01
0.00,0.00,0.00,0.03
-0.04,-2.00,-1.00,-0.14
0.01,0.00,0.00,0.01
-0.08,-2.00,-1.00,-0.14
-0.04,-1.00,-1.00,-0.04
-0.08,-1.00,-2.00,-0.06
0.00,3.00,0.00,0.13
0.04,-2.00,1.00,-0.09
0.00,0.00,0.00,0.00
0.00,0.00,0.00,0.00
-0.01,1.00,0.00,0.03
-0.01,-2.00,0.00,-0.08
-0.07,-2.00,-2.00,-0.07
-0.02,-2.00,-1.00,-0.09
0.00,1.00,0.00,0.03
0.05,-1.00,2.00,-0.04
-0.01,-1.00,0.00,-0.03
0.00,-2.00,0.00,-0.06
-0.05,-5.00,-2.00,-0.12
0.00,0.00,0.00,0.00
0.02,1.00,1.00,0.02
0.02,-1.00,1.00,-0.02
-0.01,0.00,0.00,-0.01
0.00,-4.00,0.00,-0.10
-0.01,-3.00,0.00,-0.06
-0.01,0.00,-1.00,0.00
-0.03,-8.00,-2.00,-0.16
-0.03,-1.00,-2.00,-0.02
0.00,-1.00,0.00,-0.01
-0.01,-1.00,-1.00,-0.01
0.00,0.00,0.00,0.00
-0.01,-3.00,-1.00,-0.04
0.00,1.00,0.00,0.01
0.00,-1.00,0.00,-0.01
0.00,0.00,0.00,0.00
0.00,0.00,0.00,0.00
-0.03,-3.00,-3.00,-0.03
0.00,0.00,0.00,0.00
0.00,-1.00,0.00,-0.01
0.01,1.00,1.00,0.01
0.00,-3.00,0.00,-0.03
0.00,0.00,0.00,0.00
0.00,0.00,0.00,0.00
0.00,-1.00,0.00,-0.01
0.00,0.00,0.00,0.00
0.00,3.00,0.00,0.02
0.00,2.00,0.00,0.01
0.00,0.00,0.00,0.00
0.00,2.00,0.00,0.01
0.00,0.00,0.00,0.00
0.00,0.00,0.00,0.00
0.00,0.00,0.00,0.00
0.00,0.00,0.00,0.00
0.00,0.00,0.00,0.00
0.00,0.00,0.00,0.00
0.00,0.00,0.00,0.00
0.01,2.00,2.00,0.01
0.00,0.00,0.00,0.00
0.00,0.00,0.00,0.00
0.00,0.00,0.00,0.00
0.00,-2.00,0.00,-0.01
-0.01,-2.00,-2.00,-0.01
0.00,0.00,0.00,0.00
0.01,0.00,2.00,0.00
0.00,0.00,0.00,0.00
-0.01,-5.00,-2.00,-0.02
0.00,0.00,0.00,0.00
0.00,-3.00,0.00,-0.01
0.00,0.00,0.00,0.00
0.01,0.00,3.00,0.00
0.00,0.00,0.00,0.00
-0.01,-3.00,-3.00,-0.01
-0.01,-3.00,-3.00,-0.01
0.00,0.00,0.00,0.00
0.01,3.00,3.00,0.01
-0.01,-5.00,-3.00,-0.02
0.00,0.00,0.00,0.00
0.00,0.00,0.00,0.00
0.00,-3.00,0.00,-0.01
0.00,-3.00,0.00,-0.01
0.01,0.00,3.00,0.00
0.01,0.00,3.00,0.00
0.00,0.00,0.00,0.00
0.00,0.00,0.00,0.00
0.00,0.00,0.00,0.00
0.00,0.00,0.00,0.00
0.00,0.00,0.00,0.00
0.00,0.00,0.00,0.00
0.00,-3.00,0.00,-0.01
0.00,-3.00,0.00,-0.01
0.00,0.00,0.00,0.00
0.00,-3.00,0.00,-0.01
0.00,-3.00,0.00,-0.01
0.00,4.00,0.00,0.01
0.00,-7.00,0.00,-0.02
0.00,-4.00,0.00,-0.01
0.00,0.00,0.00,0.00
0.00,0.00,0.00,0.00
0.00,0.00,0.00,0.00
0.00,0.00,0.00,0.00
0.00,0.00,0.00,0.00
0.00,0.00,0.00,0.00
0.00,0.00,0.00,0.00
0.00,0.00,0.00,0.00
0.00,0.00,0.00,0.00
0.00,0.00,0.00,0.00
-0.01,-11.00,-4.00,-0.03
0.00,0.00,0.00,0.00
0.00,0.00,0.00,0.00
0.00,0.00,0.00,0.00
0.00,0.00,0.00,0.00
0.00,0.00,0.00,0.00
0.00,0.00,0.00,0.00
0.00,0.00,0.00,0.00
0.00,0.00,0.00,0.00
0.00,0.00,0.00,0.00
0.00,0.00,0.00,0.00
0.00,0.00,0.00,0.00
0.00,0.00,0.00,0.00
0.00,0.00,0.00,0.00
0.00,0.00,0.00,0.00
0.00,0.00,0.00,0.00
0.00,0.00,0.00,0.00
0.00,0.00,0.00,0.00
0.00,0.00,0.00,0.00
0.00,0.00,0.00,0.00
0.00,-4.00,0.00,-0.01
0.00,-4.00,0.00,-0.01
0.00,0.00,0.00,0.00
0.00,-4.00,0.00,-0.01
0.00,-4.00,0.00,-0.01
0.00,0.00,0.00,0.00
0.00,0.00,0.00,0.00
0.00,-4.00,0.00,-0.01
0.00,0.00,0.00,0.00
0.00,-4.00,0.00,-0.01
0.00,-4.00,0.00,-0.01
-0.01,-4.00,-4.00,-0.01
0.00,-4.00,0.00,-0.01
0.00,0.00,0.00,0.00
0.00,-4.00,0.00,-0.01
0.00,0.00,0.00,0.00
0.00,-4.00,0.00,-0.01
0.00,-4.00,0.00,-0.01
0.00,0.00,0.00,0.00
-0.01,-4.00,-4.00,-0.01
0.00,-4.00,0.00,-0.01
-0.01,-4.00,-4.00,-0.01
0.00,-4.00,0.00,-0.01
0.00,-4.00,0.00,-0.01
0.00,-8.00,0.00,-0.02
0.00,-4.00,0.00,-0.01
-0.01,-4.00,-4.00,-0.01
0.00,-4.00,0.00,-0.01
0.00,-4.00,0.00,-0.01
-0.01,0.00,-4.00,0.00
0.00,-4.00,0.00,-0.01
0.00,0.00,0.00,0.00
-0.01,0.00,-4.00,0.00
0.00,-4.00,0.00,-0.01
-0.01,-8.00,-4.00,-0.02
0.00,-4.00,0.00,-0.01
0.00,-4.00,0.00,-0.01
0.00,-4.00,0.00,-0.01
-0.01,-8.00,-4.00,-0.02
0.00,-4.00,0.00,-0.01
-0.01,-4.00,-4.00,-0.01
0.00,5.00,0.00,0.01
0.00,-5.00,0.00,-0.01
0.00,-9.00,0.00,-0.02
0.00,0.00,0.00,0.00
-0.01,-9.00,-5.00,-0.02
0.00,0.00,0.00,0.00
0.00,0.00,0.00,0.00
0.00,0.00,0.00,0.00
0.00,0.00,0.00,0.00
0.00,0.00,0.00,0.00
0.00,0.00,0.00,0.00
-0.01,-5.00,-5.00,-0.01
0.00,-5.00,0.00,-0.01
0.00,0.00,0.00,0.00
0.00,0.00,0.00,0.00
0.00,0.00,0.00,0.00
0.00,0.00,0.00,0.00
0.00,0.00,0.00,0.00
0.00,0.00,0.00,0.00
0.00,0.00,0.00,0.00
0.00,-5.00,0.00,-0.01
0.00,0.00,0.00,0.00
0.00,0.00,0.00,0.00
0.00,-5.00,0.00,-0.01
0.00,-9.00,0.00,-0.02
0.00,0.00,0.00,0.00
0.00,0.00,0.00,0.00
0.00,0.00,0.00,0.00
0.00,0.00,0.00,0.00
0.00,0.00,0.00,0.00
0.00,0.00,0.00,0.00
0.00,0.00,0.00,0.00
0.00,-9.00,0.00,-0.02
0.00,0.00,0.00,0.00
0.00,0.00,0.00,0.00
0.00,0.00,0.00,0.00
0.00,0.00,0.00,0.00
0.00,0.00,0.00,0.00
0.00,0.00,0.00,0.00
0.00,0.00,0.00,0.00
0.00,-5.00,0.00,-0.01
0.00,-5.00,0.00,-0.01
0.00,-5.00,0.00,-0.01
0.00,0.00,0.00,0.00
0.00,0.00,0.00,0.00
0.00,-5.00,0.00,-0.01
0.00,-5.00,0.00,-0.01
0.00,-5.00,0.00,-0.01
-0.01,-5.00,-5.00,-0.01
0.00,-5.00,0.00,-0.01
0.00,-5.00,0.00,-0.01
0.00,-5.00,0.00,-0.01
-0.01,-5.00,-5.00,-0.01
0.00,0.00,0.00,0.00
0.00,-5.00,0.00,-0.01
-0.01,-5.00,-5.00,-0.01
-0.01,-5.00,-5.00,-0.01
-0.01,-5.00,-5.00,-0.01
0.00,0.00,0.00,0.00
0.00,-5.00,0.00,-0.01
0.00,0.00,0.00,0.00
0.00,-5.00,0.00,-0.01
0.00,-5.00,0.00,-0.01
0.00,0.00,0.00,0.00
0.00,-5.00,0.00,-0.01
0.00,-5.00,0.00,-0.01
0.00,-5.00,0.00,-0.01
-0.01,-5.00,-5.00,-0.01
0.00,0.00,0.00,0.00
-0.01,-5.00,-5.00,-0.01
0.00,-5.00,0.00,-0.01
0.00,-5.00,0.00,-0.01
0.00,-5.00,0.00,-0.01
-0.01,-5.00,-5.00,-0.01
0.00,0.00,0.00,0.00
1.49,25.00,8.00,4.00
0.04,17.00,1.00,0.49
0.00,20.00,0.00,0.31
-0.05,-7.00,-11.00,-0.03
0.03,-13.00,8.00,-0.06
0.03,-19.00,21.00,-0.04
-0.01,-6.00,-6.00,-0.01
0.00,0.00,0.00,0.00
0.00,23.00,0.00,0.02
0.00,32.00,0.00,0.02
0.00,-40.00,0.00,-0.05
0.00,0.00,0.00,0.00
0.00,-29.00,0.00,-0.02
-0.01,-17.00,-17.00,-0.01
0.00,0.00,0.00,0.00
0.00,0.00,0.00,0.00
0.00,0.00,0.00,0.00
0.00,0.00,0.00,0.00
0.00,0.00,0.00,0.00
0.00,0.00,0.00,0.00
0.00,0.00,0.00,0.00
0.00,0.00,0.00,0.00
0.00,0.00,0.00,0.00
0.00,0.00,0.00,0.00
0.00,0.00,0.00,0.00
0.00,0.00,0.00,0.00
0.00,0.00,0.00,0.00
0.00,0.00,0.00,0.00
0.00,0.00,0.00,0.00
0.00,0.00,0.00,0.00
0.00,0.00,0.00,0.00
0.00,0.00,0.00,0.00
0.00,0.00,0.00,0.00
0.00,0.00,0.00,0.00
0.00,0.00,0.00,0.00
0.00,0.00,0.00,0.00
0.00,0.00,0.00,0.00
0.00,0.00,0.00,0.00
0.01,45.00,50.00,0.01
0.00,0.00,0.00,0.00
0.00,0.00,0.00,0.00
0.00,0.00,0.00,0.00
0.00,0.00,0.00,0.00
0.00,0.00,0.00,0.00
0.00,0.00,0.00,0.00
0.00,0.00,0.00,0.00
0.00,0.00,0.00,0.00
0.00,0.00,0.00,0.00
0.00,0.00,0.00,0.00
0.00,0.00,0.00,0.00
0.00,0.00,0.00,0.00
0.00,0.00,0.00,0.00
0.00,0.00,0.00,0.00
0.00,0.00,0.00,0.00
0.00,0.00,0.00,0.00
0.00,0.00,0.00,0.00
0.00,0.00,0.00,0.00
0.00,0.00,0.00,0.00
0.00,0.00,0.00,0.00
0.00,0.00,0.00,0.00
0.00,0.00,0.00,0.00
0.00,0.00,0.00,0.00
0.00,0.00,0.00,0.00
0.00,0.00,0.00,0.00
0.00,0.00,0.00,0.00
0.00,0.00,0.00,0.00
0.00,0.00,0.00,0.00
0.00,0.00,0.00,0.00
0.00,0.00,0.00,0.00
0.00,0.00,0.00,0.00
0.00,0.00,0.00,0.00
0.00,0.00,0.00,0.00
0.00,0.00,0.00,0.00
0.00,0.00,0.00,0.00
0.00,0.00,0.00,0.00
0.00,0.00,0.00,0.00
0.00,0.00,0.00,0.00
0.00,0.00,0.00,0.00
0.00,0.00,0.00,0.00
0.00,0.00,0.00,0.00
0.00,0.00,0.00,0.00
0.00,0.00,0.00,0.00
0.00,0.00,0.00,0.00
0.00,0.00,0.00,0.00
0.00,0.00,0.00,0.00
0.00,0.00,0.00,0.00
0.00,0.00,0.00,0.00
0.00,0.00,0.00,0.00
0.00,0.00,0.00,0.00
0.00,0.00,0.00,0.00
0.00,0.00,0.00,0.00
0.00,0.00,0.00,0.00
0.00,0.00,0.00,0.00
0.00,0.00,0.00,0.00
0.00,0.00,0.00,0.00
0.00,0.00,0.00,0.00
0.00,0.00,0.00,0.00
-0.01,0.00,-33.00,0.00
0.00,0.00,0.00,0.00
0.00,0.00,0.00,0.00
0.00,0.00,0.00,0.00
0.00,0.00,0.00,0.00
0.00,0.00,0.00,0.00
0.00,0.00,0.00,0.00
0.00,0.00,0.00,0.00
0.00,0.00,0.00,0.00
0.00,0.00,0.00,0.00
0.00,0.00,0.00,0.00
0.00,0.00,0.00,0.00
0.00,0.00,0.00,0.00
0.00,0.00,0.00,0.00
0.00,0.00,0.00,0.00
0.00,0.00,0.00,0.00
0.00,0.00,0.00,0.00
0.00,0.00,0.00,0.00
0.00,0.00,0.00,0.00
0.00,0.00,0.00,0.00
0.00,0.00,0.00,0.00
0.00,0.00,0.00,0.00
0.00,0.00,0.00,0.00
0.00,0.00,0.00,0.00
0.00,0.00,0.00,0.00
0.00,0.00,0.00,0.00
0.00,0.00,0.00,0.00
0.00,0.00,0.00,0.00
0.00,0.00,0.00,0.00
0.00,0.00,0.00,0.00
0.00,0.00,0.00,0.00
-0.01,-33.00,-33.00,-0.01
0.00,-33.00,0.00,-0.01
0.00,0.00,0.00,0.00
0.00,0.00,0.00,0.00
0.00,0.00,0.00,0.00
0.00,0.00,0.00,0.00
0.00,0.00,0.00,0.00
0.00,0.00,0.00,0.00
0.00,0.00,0.00,0.00
0.00,0.00,0.00,0.00
0.00,0.00,0.00,0.00
0.00,0.00,0.00,0.00
0.00,0.00,0.00,0.00
0.00,0.00,0.00,0.00
0.00,0.00,0.00,0.00
0.00,0.00,0.00,0.00
0.00,0.00,0.00,0.00
0.00,0.00,0.00,0.00
0.00,0.00,0.00,0.00
0.00,0.00,0.00,0.00
0.00,0.00,0.00,0.00
0.00,0.00,0.00,0.00
0.00,0.00,0.00,0.00
0.00,0.00,0.00,0.00
0.00,0.00,0.00,0.00
0.00,0.00,0.00,0.00
0.00,0.00,0.00,0.00
0.00,100.00,0.00,0.01
0.00,0.00,0.00,0.00
0.00,0.00,0.00,0.00
0.00,0.00,0.00,0.00
0.00,0.00,0.00,0.00
0.00,0.00,0.00,0.00
0.00,0.00,0.00,0.00
0.00,0.00,0.00,0.00
0.00,0.00,0.00,0.00
0.00,0.00,0.00,0.00
0.00,0.00,0.00,0.00
0.00,0.00,0.00,0.00
0.00,0.00,0.00,0.00
0.00,0.00,0.00,0.00
0.00,0.00,0.00,0.00
0.00,0.00,0.00,0.00
0.00,0.00,0.00,0.00
0.00,0.00,0.00,0.00
0.00,0.00,0.00,0.00
0.00,0.00,0.00,0.00
0.00,0.00,0.00,0.00
0.00,0.00,0.00,0.00
0.00,-38.00,0.00,-0.01
0.00,0.00,0.00,0.00
0.00,0.00,0.00,0.00
0.00,0.00,0.00,0.00
0.00,0.00,0.00,0.00
0.00,0.00,0.00,0.00
0.00,0.00,0.00,0.00
0.00,0.00,0.00,0.00
0.00,0.00,0.00,0.00
0.00,0.00,0.00,0.00
0.00,0.00,0.00,0.00
0.00,0.00,0.00,0.00
0.00,0.00,0.00,0.00
0.00,0.00,0.00,0.00
0.00,0.00,0.00,0.00
0.00,0.00,0.00,0.00
0.00,0.00,0.00,0.00
0.00,0.00,0.00,0.00
0.00,0.00,0.00,0.00
0.00,0.00,0.00,0.00
0.00,0.00,0.00,0.00
0.00,0.00,0.00,0.00
0.00,0.00,0.00,0.00
0.00,0.00,0.00,0.00
0.00,0.00,0.00,0.00
0.00,0.00,0.00,0.00
0.00,0.00,0.00,0.00
0.00,0.00,0.00,0.00
0.00,0.00,0.00,0.00
0.00,0.00,0.00,0.00
0.00,0.00,0.00,0.00
0.00,0.00,0.00,0.00
0.00,0.00,0.00,0.00
0.00,0.00,0.00,0.00
0.00,0.00,0.00,0.00
0.00,-63.00,0.00,-0.01
0.00,0.00,0.00,0.00
0.00,0.00,0.00,0.00
0.00,0.00,0.00,0.00
0.00,0.00,0.00,0.00
0.00,0.00,0.00,0.00
0.00,0.00,0.00,0.00
0.00,0.00,0.00,0.00
0.00,0.00,0.00,0.00
0.00,0.00,0.00,0.00
0.00,0.00,0.00,0.00
0.00,0.00,0.00,0.00
0.00,0.00,0.00,0.00
0.00,0.00,0.00,0.00
0.00,0.00,0.00,0.00
0.00,0.00,0.00,0.00
0.00,0.00,0.00,0.00
0.00,0.00,0.00,0.00
0.00,0.00,0.00,0.00
0.00,0.00,0.00,0.00
0.00,0.00,0.00,0.00
0.00,-56.00,0.00,-0.01
-0.01,0.00,-50.00,0.00
0.00,0.00,0.00,0.00
0.00,0.00,0.00,0.00
0.00,0.00,0.00,0.00
0.00,0.00,0.00,0.00
0.00,0.00,0.00,0.00
0.00,0.00,0.00,0.00
0.00,0.00,0.00,0.00
0.00,0.00,0.00,0.00
0.00,0.00,0.00,0.00
0.00,0.00,0.00,0.00
0.00,-50.00,0.00,-0.01
0.00,0.00,0.00,0.00
0.00,0.00,0.00,0.00
0.00,0.00,0.00,0.00
"MTGO
42 tix","DECLINING CARDS
14▼","PRICE CHANGE
-0.11","RISING CARDS
13▲"
-0.14,1.00,0.00,0.38
-0.27,-1.00,-1.00,-0.17
-0.01,0.00,0.00,0.08
0.00,2.00,0.00,0.39
-0.02,0.00,0.00,0.01
0.04,-3.00,0.00,-0.68
-0.18,-2.00,-1.00,-0.35
-0.21,0.00,-1.00,0.09
0.00,-3.00,0.00,-0.48
-0.01,-1.00,0.00,-0.12
0.01,0.00,0.00,0.04
0.00,0.00,0.00,-0.01
-0.02,0.00,0.00,-0.03
0.00,0.00,0.00,-0.05
0.00,0.00,0.00,0.00
0.00,0.00,0.00,-0.01
-0.05,-3.00,-1.00,-0.25
-0.01,0.00,0.00,-0.02
0.00,-3.00,0.00,-0.16
0.00,1.00,0.00,0.07
0.00,-2.00,0.00,-0.11
0.00,1.00,0.00,0.05
-0.03,-2.00,-1.00,-0.10
0.02,-1.00,0.00,-0.07
0.06,0.00,1.00,0.02
0.01,0.00,0.00,-0.01
0.00,2.00,0.00,0.10
0.00,-2.00,0.00,-0.06
0.00,0.00,0.00,0.00
0.02,-1.00,1.00,-0.04
0.00,-1.00,0.00,-0.02
-0.02,-2.00,-1.00,-0.05
0.00,1.00,0.00,0.03
0.00,0.00,0.00,0.00
0.00,-3.00,0.00,-0.07
0.01,0.00,1.00,0.00
0.00,1.00,0.00,0.01
-0.02,-4.00,-1.00,-0.07
-0.02,-1.00,-1.00,-0.02
-0.02,-1.00,-1.00,-0.02
0.00,-5.00,0.00,-0.07
0.00,-1.00,0.00,-0.01
0.00,0.00,0.00,0.00
0.00,0.00,0.00,0.00
0.00,0.00,0.00,0.00
0.00,0.00,0.00,0.00
0.00,-1.00,0.00,-0.01
0.01,-2.00,1.00,-0.02
0.00,0.00,0.00,0.00
0.00,0.00,0.00,0.00
0.00,-1.00,0.00,-0.01
0.00,0.00,0.00,0.00
0.00,0.00,0.00,0.00
0.00,2.00,0.00,0.01
0.00,-2.00,0.00,-0.01
0.00,2.00,0.00,0.01
0.00,-2.00,0.00,-0.01
0.00,0.00,0.00,0.00
-0.01,-5.00,-2.00,-0.03
0.00,0.00,0.00,0.00
0.00,-2.00,0.00,-0.01
0.00,0.00,0.00,0.00
0.00,-2.00,0.00,-0.01
-0.01,0.00,-2.00,0.00
-0.01,-2.00,-2.00,-0.01
0.00,0.00,0.00,0.00
0.00,0.00,0.00,0.00
0.00,0.00,0.00,0.00
0.00,0.00,0.00,0.00
-0.01,-2.00,-2.00,-0.01
0.00,0.00,0.00,0.00
0.00,0.00,0.00,0.00
0.01,0.00,3.00,0.00
-0.01,-5.00,-3.00,-0.02
0.01,0.00,3.00,0.00
0.00,0.00,0.00,0.00
0.00,0.00,0.00,0.00
-0.01,0.00,-3.00,0.00
0.00,-3.00,0.00,-0.01
0.00,0.00,0.00,0.00
0.00,0.00,0.00,0.00
0.00,0.00,0.00,0.00
0.00,-3.00,0.00,-0.01
0.00,-3.00,0.00,-0.01
0.01,-4.00,4.00,-0.01
-0.01,-7.00,-4.00,-0.02
0.00,0.00,0.00,0.00
0.00,0.00,0.00,0.00
0.00,0.00,0.00,0.00
0.00,0.00,0.00,0.00
0.00,0.00,0.00,0.00
0.00,-4.00,0.00,-0.01
0.00,0.00,0.00,0.00
0.00,0.00,0.00,0.00
0.00,0.00,0.00,0.00
0.00,0.00,0.00,0.00
0.00,0.00,0.00,0.00
0.00,0.00,0.00,0.00
0.00,0.00,0.00,0.00
0.00,0.00,0.00,0.00
0.00,0.00,0.00,0.00
0.00,0.00,0.00,0.00
0.00,0.00,0.00,0.00
0.00,0.00,0.00,0.00
0.00,0.00,0.00,0.00
0.00,0.00,0.00,0.00
0.00,0.00,0.00,0.00
0.00,0.00,0.00,0.00
0.00,0.00,0.00,0.00
0.00,0.00,0.00,0.00
0.00,0.00,0.00,0.00
0.00,0.00,0.00,0.00
0.00,-4.00,0.00,-0.01
0.00,0.00,0.00,0.00
0.00,0.00,0.00,0.00
0.00,-4.00,0.00,-0.01
0.00,0.00,0.00,0.00
0.00,-4.00,0.00,-0.01
0.00,-4.00,0.00,-0.01
0.00,0.00,0.00,0.00
0.00,-4.00,0.00,-0.01
-0.01,-4.00,-4.00,-0.01
-0.01,-4.00,-4.00,-0.01
0.00,-4.00,0.00,-0.01
0.00,-4.00,0.00,-0.01
0.00,-4.00,0.00,-0.01
0.00,-4.00,0.00,-0.01
-0.01,0.00,-4.00,0.00
0.00,0.00,0.00,0.00
-0.01,-5.00,-5.00,-0.01
0.00,0.00,0.00,0.00
-0.01,0.00,-5.00,0.00
0.00,0.00,0.00,0.00
0.00,0.00,0.00,0.00
0.00,0.00,0.00,0.00
0.00,0.00,0.00,0.00
0.00,0.00,0.00,0.00
0.00,0.00,0.00,0.00
0.00,0.00,0.00,0.00
0.00,0.00,0.00,0.00
0.00,0.00,0.00,0.00
0.00,0.00,0.00,0.00
0.00,0.00,0.00,0.00
0.00,-5.00,0.00,-0.01
0.00,0.00,0.00,0.00
0.00,0.00,0.00,0.00
0.00,-5.00,0.00,-0.01
-0.01,-5.00,-5.00,-0.01
0.00,-5.00,0.00,-0.01
-0.01,-5.00,-5.00,-0.01
0.00,0.00,0.00,0.00
0.00,0.00,0.00,0.00
0.00,-5.00,0.00,-0.01
-0.01,0.00,-5.00,0.00
-0.01,-5.00,-5.00,-0.01
0.00,-5.00,0.00,-0.01
0.00,0.00,0.00,0.00
0.00,0.00,0.00,0.00
0.00,-5.00,0.00,-0.01
-0.01,-5.00,-5.00,-0.01
0.00,0.00,0.00,0.00
0.00,0.00,0.00,0.00
0.00,0.00,0.00,0.00
-0.01,-5.00,-5.00,-0.01
0.00,0.00,0.00,0.00
-0.02,5.00,0.00,0.42
-0.12,7.00,-2.00,0.38
-0.12,-4.00,-2.00,-0.23
0.04,-2.00,1.00,-0.06
-0.24,-36.00,-8.00,-1.65
0.06,8.00,3.00,0.18
-0.03,-16.00,-2.00,-0.33
0.06,12.00,5.00,0.13
0.25,-12.00,27.00,-0.16
0.02,-1.00,2.00,-0.01
0.00,5.00,0.00,0.03
0.00,-18.00,0.00,-0.11
0.00,6.00,0.00,0.03
0.00,21.00,0.00,0.08
-0.05,3.00,-11.00,0.01
0.00,0.00,0.00,0.00
0.07,119.00,22.00,0.21
0.04,99.00,13.00,0.18
-0.02,51.00,-8.00,0.08
0.00,12.00,0.00,0.02
-0.02,61.00,-10.00,0.07
-0.02,121.00,-12.00,0.08
-0.03,8.00,-18.00,0.01
0.00,8.00,0.00,0.01
0.03,10.00,38.00,0.01
0.01,36.00,10.00,0.03
-0.03,-11.00,-27.00,-0.01
0.00,0.00,0.00,0.00
0.00,26.00,0.00,0.01
0.01,0.00,25.00,0.00
0.00,0.00,0.00,0.00
0.00,0.00,0.00,0.00
0.00,0.00,0.00,0.00
0.00,0.00,0.00,0.00
0.01,0.00,33.00,0.00
0.00,0.00,0.00,0.00
0.00,0.00,0.00,0.00
0.00,0.00,0.00,0.00
0.00,0.00,0.00,0.00
0.00,-73.00,0.00,-0.11
0.00,0.00,0.00,0.00
0.00,0.00,0.00,0.00
0.00,0.00,0.00,0.00
0.00,0.00,0.00,0.00
0.00,-25.00,0.00,-0.01
0.00,0.00,0.00,0.00
0.00,0.00,0.00,0.00
0.00,0.00,0.00,0.00
0.00,0.00,0.00,0.00
0.00,0.00,0.00,0.00
0.00,0.00,0.00,0.00
0.00,0.00,0.00,0.00
0.00,-25.00,0.00,-0.01
0.00,0.00,0.00,0.00
0.00,0.00,0.00,0.00
0.00,0.00,0.00,0.00
0.00,0.00,0.00,0.00
0.00,0.00,0.00,0.00
0.00,0.00,0.00,0.00
0.00,0.00,0.00,0.00
0.00,0.00,0.00,0.00
0.00,0.00,0.00,0.00
0.00,0.00,0.00,0.00
0.00,0.00,0.00,0.00
0.00,0.00,0.00,0.00
0.00,0.00,0.00,0.00
0.00,0.00,0.00,0.00
0.00,0.00,0.00,0.00
0.00,0.00,0.00,0.00
0.00,0.00,0.00,0.00
0.00,0.00,0.00,0.00
0.00,0.00,0.00,0.00
0.00,0.00,0.00,0.00
0.00,0.00,0.00,0.00
0.00,0.00,0.00,0.00
0.00,0.00,0.00,0.00
0.00,-25.00,0.00,-0.01
0.01,0.00,50.00,0.00
0.00,0.00,0.00,0.00
0.00,0.00,0.00,0.00
0.00,-33.00,0.00,-0.01
0.00,0.00,0.00,0.00
-0.01,-33.00,-33.00,-0.01
0.00,0.00,0.00,0.00
0.00,0.00,0.00,0.00
0.00,0.00,0.00,0.00
0.00,0.00,0.00,0.00
0.00,0.00,0.00,0.00
0.00,0.00,0.00,0.00
0.00,0.00,0.00,0.00
0.00,0.00,0.00,0.00
0.00,0.00,0.00,0.00
0.00,0.00,0.00,0.00
0.00,0.00,0.00,0.00
0.00,0.00,0.00,0.00
0.00,0.00,0.00,0.00
0.00,0.00,0.00,0.00
0.00,0.00,0.00,0.00
0.00,0.00,0.00,0.00
0.00,100.00,0.00,0.01
0.00,0.00,0.00,0.00
0.00,0.00,0.00,0.00
0.00,0.00,0.00,0.00
-0.01,0.00,-33.00,0.00
0.00,0.00,0.00,0.00
0.00,0.00,0.00,0.00
0.00,0.00,0.00,0.00
0.00,0.00,0.00,0.00
0.00,0.00,0.00,0.00
0.00,0.00,0.00,0.00
0.00,0.00,0.00,0.00
0.00,0.00,0.00,0.00
0.00,0.00,0.00,0.00
0.00,0.00,0.00,0.00
0.00,0.00,0.00,0.00
0.00,-36.00,0.00,-0.01
0.00,0.00,0.00,0.00
-0.01,0.00,-33.00,0.00
0.00,0.00,0.00,0.00
0.00,0.00,0.00,0.00
0.00,0.00,0.00,0.00
0.00,0.00,0.00,0.00
0.00,0.00,0.00,0.00
0.00,0.00,0.00,0.00
0.00,0.00,0.00,0.00
0.00,0.00,0.00,0.00
0.00,-38.00,0.00,-0.01
0.00,0.00,0.00,0.00
0.00,0.00,0.00,0.00
0.00,0.00,0.00,0.00
0.00,0.00,0.00,0.00
0.00,0.00,0.00,0.00
0.00,0.00,0.00,0.00
0.00,0.00,0.00,0.00
0.00,-33.00,0.00,-0.01
0.00,0.00,0.00,0.00
0.01,0.00,100.00,0.00
0.00,0.00,0.00,0.00
0.00,0.00,0.00,0.00
0.00,0.00,0.00,0.00
0.00,0.00,0.00,0.00
0.00,0.00,0.00,0.00
0.00,0.00,0.00,0.00
0.00,0.00,0.00,0.00
0.00,0.00,0.00,0.00
0.00,0.00,0.00,0.00
0.00,0.00,0.00,0.00
0.00,0.00,0.00,0.00
0.00,0.00,0.00,0.00
0.00,0.00,0.00,0.00
0.00,0.00,0.00,0.00
0.00,0.00,0.00,0.00
0.00,0.00,0.00,0.00
0.00,0.00,0.00,0.00
0.00,0.00,0.00,0.00
0.00,0.00,0.00,0.00
0.00,0.00,0.00,0.00
0.00,0.00,0.00,0.00
0.00,0.00,0.00,0.00
0.00,0.00,0.00,0.00
0.00,0.00,0.00,0.00
0.00,0.00,0.00,0.00
0.00,0.00,0.00,0.00
0.00,0.00,0.00,0.00
0.00,0.00,0.00,0.00
"MTGO
13 tix","DECLINING CARDS
4▼","PRICE CHANGE
0.81","RISING CARDS
9▲"
0.46,-3.00,1.00,-2.24
-0.26,-3.00,0.00,-1.79
0.00,0.00,0.00,0.04
-0.24,0.00,-1.00,0.15
-0.22,-1.00,-1.00,-0.40
0.06,-1.00,0.00,-0.29
-0.70,-4.00,-3.00,-0.73
-0.01,-1.00,0.00,-0.17
0.02,0.00,0.00,-0.04
0.00,0.00,0.00,0.00
-0.02,-1.00,0.00,-0.03
0.01,0.00,0.00,0.01
-0.02,2.00,0.00,0.07
-0.02,-2.00,-1.00,-0.07
0.00,2.00,0.00,0.06
-0.01,-2.00,0.00,-0.05
0.00,0.00,0.00,0.00
-0.01,-1.00,-1.00,-0.01
-0.01,-1.00,-1.00,-0.01
0.00,-2.00,0.00,-0.03
0.00,2.00,0.00,0.03
0.02,-2.00,1.00,-0.03
-0.02,-4.00,-1.00,-0.06
0.00,1.00,0.00,0.01
0.00,0.00,0.00,0.00
-0.03,-2.00,-3.00,-0.02
0.00,0.00,0.00,0.00
0.00,-2.00,0.00,-0.02
0.00,-3.00,0.00,-0.03
-0.01,0.00,-1.00,0.00
0.00,0.00,0.00,0.00
0.01,3.00,1.00,0.02
0.00,2.00,0.00,0.01
0.00,-1.00,0.00,-0.01
0.00,-3.00,0.00,-0.02
0.00,0.00,0.00,0.00
0.00,0.00,0.00,0.00
0.01,2.00,2.00,0.01
0.00,0.00,0.00,0.00
0.00,0.00,0.00,0.00
0.00,0.00,0.00,0.00
0.00,0.00,0.00,0.00
0.00,0.00,0.00,0.00
0.00,-2.00,0.00,-0.01
0.00,2.00,0.00,0.01
0.00,0.00,0.00,0.00
0.01,0.00,2.00,0.00
-0.01,-5.00,-2.00,-0.02
0.00,0.00,0.00,0.00
0.00,0.00,0.00,0.00
0.00,-3.00,0.00,-0.01
0.01,0.00,3.00,0.00
0.00,-3.00,0.00,-0.01
0.00,0.00,0.00,0.00
0.00,0.00,0.00,0.00
0.00,0.00,0.00,0.00
0.00,0.00,0.00,0.00
0.00,0.00,0.00,0.00
-0.01,-6.00,-3.00,-0.02
0.00,-3.00,0.00,-0.01
0.00,0.00,0.00,0.00
0.00,0.00,0.00,0.00
0.00,0.00,0.00,0.00
0.00,0.00,0.00,0.00
0.00,0.00,0.00,0.00
0.00,0.00,0.00,0.00
0.00,0.00,0.00,0.00
0.00,0.00,0.00,0.00
0.00,0.00,0.00,0.00
0.00,0.00,0.00,0.00
0.00,0.00,0.00,0.00
0.00,0.00,0.00,0.00
0.00,0.00,0.00,0.00
0.00,0.00,0.00,0.00
0.00,0.00,0.00,0.00
0.00,0.00,0.00,0.00
0.00,0.00,0.00,0.00
0.00,0.00,0.00,0.00
0.00,0.00,0.00,0.00
0.00,0.00,0.00,0.00
0.00,0.00,0.00,0.00
0.00,0.00,0.00,0.00
0.00,0.00,0.00,0.00
0.00,0.00,0.00,0.00
0.00,0.00,0.00,0.00
0.00,0.00,0.00,0.00
-0.01,-4.00,-4.00,-0.01
0.00,0.00,0.00,0.00
0.00,0.00,0.00,0.00
0.00,0.00,0.00,0.00
-0.01,-4.00,-4.00,-0.01
-0.01,-4.00,-4.00,-0.01
-0.01,-4.00,-4.00,-0.01
-0.01,-4.00,-4.00,-0.01
-0.01,-4.00,-4.00,-0.01
-0.01,-4.00,-4.00,-0.01
-0.01,-4.00,-4.00,-0.01
-0.01,-4.00,-4.00,-0.01
-0.01,-8.00,-4.00,-0.02
-0.01,-5.00,-5.00,-0.01
-0.01,0.00,-5.00,0.00
-0.01,-5.00,-5.00,-0.01
0.00,0.00,0.00,0.00
0.00,0.00,0.00,0.00
-0.01,-5.00,-5.00,-0.01
0.00,0.00,0.00,0.00
0.00,5.00,0.00,0.01
0.00,0.00,0.00,0.00
0.00,0.00,0.00,0.00
0.00,0.00,0.00,0.00
0.00,0.00,0.00,0.00
0.00,0.00,0.00,0.00
0.00,0.00,0.00,0.00
0.00,0.00,0.00,0.00
0.00,0.00,0.00,0.00
0.00,0.00,0.00,0.00
0.00,0.00,0.00,0.00
0.00,0.00,0.00,0.00
0.00,-5.00,0.00,-0.01
-0.01,-5.00,-5.00,-0.01
0.00,0.00,0.00,0.00
0.00,0.00,0.00,0.00
0.00,0.00,0.00,0.00
0.00,0.00,0.00,0.00
0.00,0.00,0.00,0.00
0.00,0.00,0.00,0.00
-0.01,-5.00,-5.00,-0.01
-0.01,-5.00,-5.00,-0.01
-0.01,-5.00,-5.00,-0.01
-0.01,-5.00,-5.00,-0.01
0.00,0.00,0.00,0.00
-0.01,0.00,-5.00,0.00
-0.01,0.00,-5.00,0.00
0.00,-5.00,0.00,-0.01
0.00,0.00,0.00,0.00
-0.01,-5.00,-5.00,-0.01
0.00,-5.00,0.00,-0.01
-0.01,-5.00,-5.00,-0.01
-0.01,-5.00,-5.00,-0.01
0.00,0.00,0.00,0.00
0.00,-6.00,0.00,-0.01
-0.01,-6.00,-6.00,-0.01
-0.01,0.00,-6.00,0.00
0.00,0.00,0.00,0.00
0.00,0.00,0.00,0.00
0.13,-13.00,3.00,-0.56
0.00,45.00,0.00,0.45
-0.03,-3.00,-2.00,-0.04
0.41,78.00,50.00,0.54
0.07,38.00,9.00,0.24
-0.01,-25.00,-2.00,-0.17
0.15,63.00,107.00,0.11
0.03,4.00,13.00,0.01
0.02,-4.00,8.00,-0.01
0.00,12.00,0.00,0.02
0.00,0.00,0.00,0.00
0.03,0.00,38.00,0.00
0.00,0.00,0.00,0.00
0.00,0.00,0.00,0.00
0.00,0.00,0.00,0.00
0.00,0.00,0.00,0.00
0.00,0.00,0.00,0.00
0.00,0.00,0.00,0.00
0.02,36.00,100.00,0.01
0.00,0.00,0.00,0.00
0.00,0.00,0.00,0.00
0.00,0.00,0.00,0.00
0.00,0.00,0.00,0.00
0.00,0.00,0.00,0.00
0.00,0.00,0.00,0.00
0.00,0.00,0.00,0.00
0.00,0.00,0.00,0.00
0.00,0.00,0.00,0.00
0.00,0.00,0.00,0.00
0.00,0.00,0.00,0.00
0.00,0.00,0.00,0.00
0.00,0.00,0.00,0.00
0.01,0.00,50.00,0.00
0.00,0.00,0.00,0.00
0.00,0.00,0.00,0.00
0.00,0.00,0.00,0.00
0.00,0.00,0.00,0.00
0.00,0.00,0.00,0.00
0.00,0.00,0.00,0.00
0.00,0.00,0.00,0.00
0.00,0.00,0.00,0.00
0.00,0.00,0.00,0.00
0.00,0.00,0.00,0.00
0.00,0.00,0.00,0.00
0.00,0.00,0.00,0.00
0.00,0.00,0.00,0.00
0.00,0.00,0.00,0.00
0.00,0.00,0.00,0.00
0.00,0.00,0.00,0.00
0.00,0.00,0.00,0.00
0.00,0.00,0.00,0.00
0.00,50.00,0.00,0.01
0.00,0.00,0.00,0.00
0.00,0.00,0.00,0.00
0.00,0.00,0.00,0.00
0.00,-43.00,0.00,-0.02
0.00,0.00,0.00,0.00
0.00,0.00,0.00,0.00
0.00,0.00,0.00,0.00
0.00,0.00,0.00,0.00
0.00,0.00,0.00,0.00
0.00,0.00,0.00,0.00
0.00,0.00,0.00,0.00
0.00,0.00,0.00,0.00
0.00,0.00,0.00,0.00
0.00,0.00,0.00,0.00
0.00,0.00,0.00,0.00
0.00,0.00,0.00,0.00
0.00,0.00,0.00,0.00
0.00,0.00,0.00,0.00
0.00,0.00,0.00,0.00
0.00,0.00,0.00,0.00
0.00,0.00,0.00,0.00
0.00,0.00,0.00,0.00
0.00,0.00,0.00,0.00
0.00,0.00,0.00,0.00
0.00,0.00,0.00,0.00
0.00,0.00,0.00,0.00
0.00,0.00,0.00,0.00
0.00,0.00,0.00,0.00
0.00,-38.00,0.00,-0.01
0.00,-36.00,0.00,-0.01
0.00,0.00,0.00,0.00
0.00,0.00,0.00,0.00
0.00,0.00,0.00,0.00
0.00,0.00,0.00,0.00
0.00,0.00,0.00,0.00
0.00,0.00,0.00,0.00
0.00,0.00,0.00,0.00
0.00,0.00,0.00,0.00
0.00,0.00,0.00,0.00
0.00,0.00,0.00,0.00
0.00,0.00,0.00,0.00
0.00,0.00,0.00,0.00
0.00,0.00,0.00,0.00
0.00,0.00,0.00,0.00
0.00,0.00,0.00,0.00
0.00,0.00,0.00,0.00
0.00,0.00,0.00,0.00
0.00,0.00,0.00,0.00
0.00,0.00,0.00,0.00
0.00,0.00,0.00,0.00
0.00,0.00,0.00,0.00
0.00,0.00,0.00,0.00
0.00,0.00,0.00,0.00
0.00,0.00,0.00,0.00
0.00,0.00,0.00,0.00
0.00,0.00,0.00,0.00
0.00,0.00,0.00,0.00
0.00,0.00,0.00,0.00
0.00,0.00,0.00,0.00
0.00,0.00,0.00,0.00
0.00,0.00,0.00,0.00
0.00,0.00,0.00,0.00
0.00,0.00,0.00,0.00
-0.01,0.00,-50.00,0.00
0.00,0.00,0.00,0.00
0.00,0.00,0.00,0.00
0.00,0.00,0.00,0.00
0.00,0.00,0.00,0.00
-0.01,0.00,-50.00,0.00
0.00,0.00,0.00,0.00
0.00,0.00,0.00,0.00
0.00,-50.00,0.00,-0.01
0.00,0.00,0.00,0.00
0.00,0.00,0.00,0.00
0.00,0.00,0.00,0.00
0.00,0.00,0.00,0.00
0.00,0.00,0.00,0.00
0.00,0.00,0.00,0.00
0.00,0.00,0.00,0.00
0.00,0.00,0.00,0.00
0.00,0.00,0.00,0.00
0.00,0.00,0.00,0.00
0.00,0.00,0.00,0.00
0.00,0.00,0.00,0.00
0.00,0.00,0.00,0.00
0.00,0.00,0.00,0.00
0.00,0.00,0.00,0.00
0.00,0.00,0.00,0.00
0.00,0.00,0.00,0.00
0.00,0.00,0.00,0.00
0.00,0.00,0.00,0.00
0.00,0.00,0.00,0.00
0.00,0.00,0.00,0.00
"MTGO
12 tix","DECLINING CARDS
10▼","PRICE CHANGE
-0.28","RISING CARDS
5▲"
-0.12,-3.00,-1.00,-0.50
0.00,1.00,0.00,0.06
-0.02,2.00,0.00,0.18
-0.04,-1.00,0.00,-0.05
0.13,4.00,2.00,0.36
0.01,2.00,0.00,0.10
0.00,0.00,0.00,0.01
0.01,-3.00,0.00,-0.19
0.03,0.00,1.00,0.00
-0.03,-1.00,-1.00,-0.03
0.02,-1.00,0.00,-0.03
0.00,-2.00,0.00,-0.07
0.01,0.00,0.00,0.00
-0.05,-5.00,-2.00,-0.16
0.00,1.00,0.00,0.02
-0.02,-1.00,-1.00,-0.03
-0.06,-8.00,-3.00,-0.20
-0.01,0.00,0.00,-0.01
-0.05,-5.00,-2.00,-0.12
-0.05,-2.00,-2.00,-0.05
0.00,4.00,0.00,0.08
-0.02,0.00,-1.00,0.00
-0.03,-3.00,-2.00,-0.06
0.02,2.00,1.00,0.03
0.00,-1.00,0.00,-0.01
0.00,-4.00,0.00,-0.06
0.00,-4.00,0.00,-0.05
-0.01,-3.00,-1.00,-0.04
-0.01,-3.00,-1.00,-0.03
-0.02,-3.00,-2.00,-0.03
0.00,0.00,0.00,0.00
0.00,0.00,0.00,0.00
-0.01,0.00,-1.00,0.00
0.00,0.00,0.00,0.00
0.00,0.00,0.00,0.00
0.00,0.00,0.00,0.00
0.00,-1.00,0.00,-0.01
0.00,-1.00,0.00,-0.01
0.03,1.00,3.00,0.01
-0.03,-10.00,-4.00,-0.09
0.00,1.00,0.00,0.01
0.00,-5.00,0.00,-0.04
0.00,0.00,0.00,0.00
-0.03,-9.00,-4.00,-0.07
0.00,0.00,0.00,0.00
0.00,-1.00,0.00,-0.01
0.00,0.00,0.00,0.00
0.00,0.00,0.00,0.00
0.00,8.00,0.00,0.05
0.01,0.00,2.00,0.00
0.00,0.00,0.00,0.00
0.01,2.00,2.00,0.01
-0.01,-11.00,-2.00,-0.07
0.02,4.00,4.00,0.02
0.01,4.00,2.00,0.02
0.00,0.00,0.00,0.00
0.00,0.00,0.00,0.00
0.00,0.00,0.00,0.00
0.00,0.00,0.00,0.00
0.00,0.00,0.00,0.00
0.00,-2.00,0.00,-0.01
0.00,2.00,0.00,0.01
0.01,4.00,2.00,0.02
0.00,-2.00,0.00,-0.01
0.00,0.00,0.00,0.00
-0.01,-2.00,-2.00,-0.01
0.00,-2.00,0.00,-0.01
0.00,0.00,0.00,0.00
0.00,2.00,0.00,0.01
0.00,2.00,0.00,0.01
0.00,-2.00,0.00,-0.01
0.00,2.00,0.00,0.01
-0.01,0.00,-2.00,0.00
0.00,0.00,0.00,0.00
-0.01,0.00,-2.00,0.00
0.00,0.00,0.00,0.00
-0.01,-5.00,-2.00,-0.02
0.00,0.00,0.00,0.00
0.00,-5.00,0.00,-0.02
-0.01,0.00,-3.00,0.00
0.01,3.00,3.00,0.01
0.00,-3.00,0.00,-0.01
0.00,0.00,0.00,0.00
0.00,0.00,0.00,0.00
0.00,0.00,0.00,0.00
0.00,0.00,0.00,0.00
0.00,0.00,0.00,0.00
0.00,0.00,0.00,0.00
0.00,0.00,0.00,0.00
0.01,0.00,3.00,0.00
0.00,0.00,0.00,0.00
-0.01,-6.00,-3.00,-0.02
-0.01,-3.00,-3.00,-0.01
-0.01,-3.00,-3.00,-0.01
0.00,-3.00,0.00,-0.01
0.00,-6.00,0.00,-0.02
-0.01,-3.00,-3.00,-0.01
-0.01,0.00,-3.00,0.00
0.00,-3.00,0.00,-0.01
-0.01,-3.00,-3.00,-0.01
0.00,0.00,0.00,0.00
0.00,-6.00,0.00,-0.02
0.00,-3.00,0.00,-0.01
0.00,0.00,0.00,0.00
-0.01,-6.00,-3.00,-0.02
0.00,-3.00,0.00,-0.01
0.00,-3.00,0.00,-0.01
0.00,0.00,0.00,0.00
-0.01,-3.00,-3.00,-0.01
0.00,-3.00,0.00,-0.01
0.00,-4.00,0.00,-0.01
0.00,-7.00,0.00,-0.02
0.00,-4.00,0.00,-0.01
-0.01,-7.00,-4.00,-0.02
0.00,-4.00,0.00,-0.01
-0.01,-7.00,-4.00,-0.02
0.00,-4.00,0.00,-0.01
0.00,-7.00,0.00,-0.02
0.00,0.00,0.00,0.00
0.00,0.00,0.00,0.00
0.00,0.00,0.00,0.00
0.00,0.00,0.00,0.00
0.00,0.00,0.00,0.00
0.00,-4.00,0.00,-0.01
0.00,0.00,0.00,0.00
0.00,0.00,0.00,0.00
0.00,0.00,0.00,0.00
0.00,0.00,0.00,0.00
0.00,0.00,0.00,0.00
0.00,0.00,0.00,0.00
0.00,0.00,0.00,0.00
0.00,0.00,0.00,0.00
0.00,0.00,0.00,0.00
0.00,0.00,0.00,0.00
0.00,-4.00,0.00,-0.01
0.00,0.00,0.00,0.00
0.00,0.00,0.00,0.00
0.00,0.00,0.00,0.00
0.00,0.00,0.00,0.00
0.00,0.00,0.00,0.00
0.00,0.00,0.00,0.00
0.00,0.00,0.00,0.00
0.00,0.00,0.00,0.00
0.00,0.00,0.00,0.00
0.00,0.00,0.00,0.00
0.00,0.00,0.00,0.00
0.00,0.00,0.00,0.00
0.00,0.00,0.00,0.00
0.00,0.00,0.00,0.00
0.00,0.00,0.00,0.00
0.00,0.00,0.00,0.00
0.00,0.00,0.00,0.00
0.00,0.00,0.00,0.00
0.00,0.00,0.00,0.00
0.00,0.00,0.00,0.00
0.00,0.00,0.00,0.00
0.00,0.00,0.00,0.00
0.00,0.00,0.00,0.00
0.00,0.00,0.00,0.00
0.00,0.00,0.00,0.00
0.00,0.00,0.00,0.00
0.00,0.00,0.00,0.00
0.00,0.00,0.00,0.00
0.00,0.00,0.00,0.00
0.00,0.00,0.00,0.00
0.00,0.00,0.00,0.00
0.00,0.00,0.00,0.00
0.00,0.00,0.00,0.00
0.00,0.00,0.00,0.00
0.00,0.00,0.00,0.00
0.00,0.00,0.00,0.00
0.00,0.00,0.00,0.00
0.00,0.00,0.00,0.00
0.00,0.00,0.00,0.00
0.00,0.00,0.00,0.00
0.00,0.00,0.00,0.00
0.00,0.00,0.00,0.00
0.00,0.00,0.00,0.00
0.00,0.00,0.00,0.00
0.00,0.00,0.00,0.00
0.00,0.00,0.00,0.00
0.00,-4.00,0.00,-0.01
0.00,0.00,0.00,0.00
0.00,-4.00,0.00,-0.01
0.00,-4.00,0.00,-0.01
0.00,-4.00,0.00,-0.01
0.00,-4.00,0.00,-0.01
0.00,-4.00,0.00,-0.01
-0.01,-4.00,-4.00,-0.01
0.00,-4.00,0.00,-0.01
0.00,0.00,0.00,0.00
0.00,-4.00,0.00,-0.01
0.00,0.00,0.00,0.00
0.00,0.00,0.00,0.00
0.00,0.00,0.00,0.00
0.00,0.00,0.00,0.00
0.00,0.00,0.00,0.00
0.00,0.00,0.00,0.00
0.00,0.00,0.00,0.00
0.00,-4.00,0.00,-0.01
0.00,-4.00,0.00,-0.01
0.00,-8.00,0.00,-0.02
0.01,-5.00,5.00,-0.01
0.00,-5.00,0.00,-0.01
0.01,0.00,5.00,0.00
0.00,-5.00,0.00,-0.01
0.00,0.00,0.00,0.00
0.00,0.00,0.00,0.00
0.00,0.00,0.00,0.00
0.01,0.00,5.00,0.00
0.01,0.00,5.00,0.00
0.00,0.00,0.00,0.00
0.00,0.00,0.00,0.00
0.00,0.00,0.00,0.00
0.00,0.00,0.00,0.00
0.01,0.00,5.00,0.00
0.00,0.00,0.00,0.00
0.00,0.00,0.00,0.00
0.00,0.00,0.00,0.00
0.00,0.00,0.00,0.00
0.00,0.00,0.00,0.00
0.00,0.00,0.00,0.00
0.00,0.00,0.00,0.00
0.00,0.00,0.00,0.00
0.00,0.00,0.00,0.00
0.00,0.00,0.00,0.00
0.00,0.00,0.00,0.00
0.00,0.00,0.00,0.00
0.00,-9.00,0.00,-0.02
0.00,0.00,0.00,0.00
0.00,0.00,0.00,0.00
0.00,0.00,0.00,0.00
0.00,0.00,0.00,0.00
0.00,0.00,0.00,0.00
0.00,0.00,0.00,0.00
0.00,0.00,0.00,0.00
0.01,0.00,5.00,0.00
0.00,0.00,0.00,0.00
0.00,0.00,0.00,0.00
0.00,0.00,0.00,0.00
0.00,-5.00,0.00,-0.01
0.00,-5.00,0.00,-0.01
0.00,0.00,0.00,0.00
0.00,0.00,0.00,0.00
0.00,-5.00,0.00,-0.01
0.00,0.00,0.00,0.00
0.00,0.00,0.00,0.00
0.00,0.00,0.00,0.00
0.00,-5.00,0.00,-0.01
0.00,-5.00,0.00,-0.01
0.00,-5.00,0.00,-0.01
0.00,0.00,0.00,0.00
0.00,-5.00,0.00,-0.01
0.00,-5.00,0.00,-0.01
0.00,0.00,0.00,0.00
0.00,-5.00,0.00,-0.01
0.00,-5.00,0.00,-0.01
0.00,0.00,0.00,0.00
0.00,0.00,0.00,0.00
0.00,0.00,0.00,0.00
0.00,-5.00,0.00,-0.01
0.00,-5.00,0.00,-0.01
0.00,0.00,0.00,0.00
0.01,0.00,6.00,0.00
0.00,0.00,0.00,0.00
0.00,0.00,0.00,0.00
0.00,0.00,0.00,0.00
0.00,-5.00,0.00,-0.01
0.00,-5.00,0.00,-0.01
0.00,-5.00,0.00,-0.01
0.00,-10.00,0.00,-0.02
0.00,-5.00,0.00,-0.01
0.00,-5.00,0.00,-0.01
0.00,-5.00,0.00,-0.01
0.00,-5.00,0.00,-0.01
0.00,0.00,0.00,0.00
0.00,-5.00,0.00,-0.01
0.00,0.00,0.00,0.00
0.01,-10.00,6.00,-0.02
0.00,-5.00,0.00,-0.01
0.00,-5.00,0.00,-0.01
0.00,-5.00,0.00,-0.01
0.00,-5.00,0.00,-0.01
0.02,-5.00,13.00,-0.01
0.00,0.00,0.00,0.00
0.00,-5.00,0.00,-0.01
0.00,-5.00,0.00,-0.01
0.00,-5.00,0.00,-0.01
0.00,0.00,0.00,0.00
0.00,-5.00,0.00,-0.01
0.00,0.00,0.00,0.00
0.00,-5.00,0.00,-0.01
0.00,0.00,0.00,0.00
0.01,-11.00,6.00,-0.02
0.00,-6.00,0.00,-0.01
0.00,-7.00,0.00,-0.01
0.00,0.00,0.00,0.00
-0.13,-5.00,-8.00,-0.08
0.03,-1.00,3.00,-0.01
0.04,48.00,9.00,0.16
0.00,-23.00,0.00,-0.12
-0.01,-41.00,-3.00,-0.23
0.03,19.00,10.00,0.05
-0.06,11.00,-23.00,0.02
-0.02,-22.00,-10.00,-0.05
-0.04,-48.00,-19.00,-0.16
0.00,-16.00,0.00,-0.03
0.00,0.00,0.00,0.00
0.00,0.00,0.00,0.00
0.02,34.00,33.00,0.02
-0.08,-59.00,-57.00,-0.08
0.00,20.00,0.00,0.01
0.00,0.00,0.00,0.00
0.00,-67.00,0.00,-0.11
0.01,25.00,25.00,0.01
0.00,-17.00,0.00,-0.01
0.00,0.00,0.00,0.00
0.00,0.00,0.00,0.00
0.00,0.00,0.00,0.00
0.00,0.00,0.00,0.00
0.00,0.00,0.00,0.00
0.00,0.00,0.00,0.00
0.00,0.00,0.00,0.00
0.00,0.00,0.00,0.00
0.00,0.00,0.00,0.00
0.00,0.00,0.00,0.00
0.00,0.00,0.00,0.00
0.00,0.00,0.00,0.00
0.00,0.00,0.00,0.00
0.00,0.00,0.00,0.00
0.00,0.00,0.00,0.00
0.00,0.00,0.00,0.00
0.00,0.00,0.00,0.00
0.00,0.00,0.00,0.00
0.00,0.00,0.00,0.00
0.00,0.00,0.00,0.00
0.00,0.00,0.00,0.00
0.00,0.00,0.00,0.00
0.00,0.00,0.00,0.00
0.00,0.00,0.00,0.00
0.00,0.00,0.00,0.00
0.00,0.00,0.00,0.00
0.00,0.00,0.00,0.00
0.00,0.00,0.00,0.00
0.00,0.00,0.00,0.00
0.00,0.00,0.00,0.00
0.00,0.00,0.00,0.00
0.00,0.00,0.00,0.00
0.00,0.00,0.00,0.00
0.00,0.00,0.00,0.00
0.00,0.00,0.00,0.00
0.00,0.00,0.00,0.00
0.00,0.00,0.00,0.00
0.00,0.00,0.00,0.00
0.00,0.00,0.00,0.00
0.00,0.00,0.00,0.00
0.00,0.00,0.00,0.00
0.00,0.00,0.00,0.00
0.00,0.00,0.00,0.00
0.00,0.00,0.00,0.00
0.00,0.00,0.00,0.00
0.00,0.00,0.00,0.00
0.00,0.00,0.00,0.00
0.00,0.00,0.00,0.00
0.00,0.00,0.00,0.00
0.00,0.00,0.00,0.00
0.00,0.00,0.00,0.00
0.00,0.00,0.00,0.00
0.00,0.00,0.00,0.00
0.00,0.00,0.00,0.00
0.00,0.00,0.00,0.00
0.00,0.00,0.00,0.00
0.00,0.00,0.00,0.00
0.00,0.00,0.00,0.00
0.00,0.00,0.00,0.00
0.00,0.00,0.00,0.00
0.00,0.00,0.00,0.00
0.00,0.00,0.00,0.00
0.00,0.00,0.00,0.00
0.00,0.00,0.00,0.00
0.00,0.00,0.00,0.00
0.00,0.00,0.00,0.00
0.00,0.00,0.00,0.00
0.00,0.00,0.00,0.00
0.00,0.00,0.00,0.00
0.00,0.00,0.00,0.00
0.00,0.00,0.00,0.00
0.00,0.00,0.00,0.00
0.00,0.00,0.00,0.00
0.00,0.00,0.00,0.00
0.00,0.00,0.00,0.00
0.00,0.00,0.00,0.00
0.00,0.00,0.00,0.00
0.00,0.00,0.00,0.00
0.00,0.00,0.00,0.00
0.00,0.00,0.00,0.00
0.00,0.00,0.00,0.00
0.00,0.00,0.00,0.00
0.00,0.00,0.00,0.00
0.00,0.00,0.00,0.00
0.00,0.00,0.00,0.00
0.00,0.00,0.00,0.00
0.00,0.00,0.00,0.00
0.00,0.00,0.00,0.00
0.00,0.00,0.00,0.00
0.00,0.00,0.00,0.00
0.00,0.00,0.00,0.00
0.00,0.00,0.00,0.00
0.00,0.00,0.00,0.00
0.00,0.00,0.00,0.00
0.00,0.00,0.00,0.00
0.00,0.00,0.00,0.00
0.00,0.00,0.00,0.00
0.00,0.00,0.00,0.00
0.00,0.00,0.00,0.00
0.00,0.00,0.00,0.00
0.00,0.00,0.00,0.00
0.00,0.00,0.00,0.00
0.00,0.00,0.00,0.00
0.00,-28.00,0.00,-0.01
-0.01,0.00,-33.00,0.00
0.00,0.00,0.00,0.00
0.00,71.00,0.00,0.01
0.00,0.00,0.00,0.00
0.00,0.00,0.00,0.00
0.00,0.00,0.00,0.00
0.00,0.00,0.00,0.00
0.00,0.00,0.00,0.00
0.00,0.00,0.00,0.00
0.00,0.00,0.00,0.00
0.00,0.00,0.00,0.00
0.00,0.00,0.00,0.00
0.00,0.00,0.00,0.00
0.00,0.00,0.00,0.00
0.00,0.00,0.00,0.00
0.00,0.00,0.00,0.00
0.00,0.00,0.00,0.00
0.00,0.00,0.00,0.00
0.00,0.00,0.00,0.00
0.00,0.00,0.00,0.00
0.00,0.00,0.00,0.00
0.00,0.00,0.00,0.00
0.00,0.00,0.00,0.00
0.00,0.00,0.00,0.00
0.00,-68.00,0.00,-0.05
0.00,0.00,0.00,0.00
0.00,0.00,0.00,0.00
0.00,0.00,0.00,0.00
0.00,0.00,0.00,0.00
0.00,0.00,0.00,0.00
0.00,0.00,0.00,0.00
-0.01,0.00,-33.00,0.00
0.00,0.00,0.00,0.00
0.00,0.00,0.00,0.00
0.00,0.00,0.00,0.00
0.00,0.00,0.00,0.00
0.00,0.00,0.00,0.00
-0.01,-77.00,-33.00,-0.06
0.00,0.00,0.00,0.00
0.00,0.00,0.00,0.00
0.00,0.00,0.00,0.00
0.00,0.00,0.00,0.00
0.00,0.00,0.00,0.00
0.00,0.00,0.00,0.00
0.00,-38.00,0.00,-0.01
0.00,0.00,0.00,0.00
0.00,0.00,0.00,0.00
0.00,0.00,0.00,0.00
0.00,0.00,0.00,0.00
0.00,0.00,0.00,0.00
0.00,0.00,0.00,0.00
0.00,0.00,0.00,0.00
0.00,0.00,0.00,0.00
0.00,0.00,0.00,0.00
0.00,0.00,0.00,0.00
0.00,0.00,0.00,0.00
0.00,0.00,0.00,0.00
0.00,0.00,0.00,0.00
0.00,0.00,0.00,0.00
0.00,-33.00,0.00,-0.01
0.00,0.00,0.00,0.00
0.00,0.00,0.00,0.00
0.00,0.00,0.00,0.00
0.00,0.00,0.00,0.00
0.00,0.00,0.00,0.00
0.00,0.00,0.00,0.00
0.00,0.00,0.00,0.00
0.00,0.00,0.00,0.00
0.00,0.00,0.00,0.00
0.00,0.00,0.00,0.00
0.00,0.00,0.00,0.00
0.00,0.00,0.00,0.00
0.00,0.00,0.00,0.00
0.00,0.00,0.00,0.00
0.00,0.00,0.00,0.00
0.00,0.00,0.00,0.00
0.00,0.00,0.00,0.00
0.00,0.00,0.00,0.00
0.00,0.00,0.00,0.00
0.00,0.00,0.00,0.00
0.00,0.00,0.00,0.00
0.00,0.00,0.00,0.00
0.00,0.00,0.00,0.00
0.00,0.00,0.00,0.00
0.00,0.00,0.00,0.00
0.00,0.00,0.00,0.00
0.00,0.00,0.00,0.00
0.00,0.00,0.00,0.00
0.00,0.00,0.00,0.00
0.00,0.00,0.00,0.00
0.00,0.00,0.00,0.00
0.00,0.00,0.00,0.00
0.00,0.00,0.00,0.00
0.00,0.00,0.00,0.00
0.00,0.00,0.00,0.00
0.00,0.00,0.00,0.00
0.00,0.00,0.00,0.00
0.00,0.00,0.00,0.00
0.00,0.00,0.00,0.00
0.00,0.00,0.00,0.00
0.00,0.00,0.00,0.00
0.00,0.00,0.00,0.00
0.00,0.00,0.00,0.00
0.00,0.00,0.00,0.00
0.00,0.00,0.00,0.00
0.00,0.00,0.00,0.00
0.00,0.00,0.00,0.00
0.00,0.00,0.00,0.00
0.00,0.00,0.00,0.00
0.00,0.00,0.00,0.00
0.00,0.00,0.00,0.00
0.00,0.00,0.00,0.00
0.00,0.00,0.00,0.00
0.00,0.00,0.00,0.00
0.00,0.00,0.00,0.00
0.00,0.00,0.00,0.00
0.00,0.00,0.00,0.00
0.00,0.00,0.00,0.00
0.00,0.00,0.00,0.00
0.00,0.00,0.00,0.00
0.00,0.00,0.00,0.00
0.00,0.00,0.00,0.00
-0.04,-56.00,-67.00,-0.03
0.00,0.00,0.00,0.00
0.00,0.00,0.00,0.00
0.00,0.00,0.00,0.00
0.00,0.00,0.00,0.00
0.00,0.00,0.00,0.00
0.00,0.00,0.00,0.00
0.00,0.00,0.00,0.00
0.00,0.00,0.00,0.00
0.00,0.00,0.00,0.00
0.00,0.00,0.00,0.00
0.00,0.00,0.00,0.00
0.00,0.00,0.00,0.00
0.00,0.00,0.00,0.00
0.00,0.00,0.00,0.00
0.00,0.00,0.00,0.00
0.00,-63.00,0.00,-0.01
0.00,0.00,0.00,0.00
0.00,0.00,0.00,0.00
0.00,0.00,0.00,0.00
0.00,0.00,0.00,0.00
0.00,0.00,0.00,0.00
0.00,0.00,0.00,0.00
0.00,0.00,0.00,0.00
0.00,0.00,0.00,0.00
0.00,0.00,0.00,0.00
0.00,0.00,0.00,0.00
0.00,0.00,0.00,0.00
0.00,0.00,0.00,0.00
0.00,0.00,0.00,0.00
0.00,0.00,0.00,0.00
0.00,0.00,0.00,0.00
0.00,0.00,0.00,0.00
0.00,0.00,0.00,0.00
0.00,0.00,0.00,0.00
0.00,0.00,0.00,0.00
0.00,0.00,0.00,0.00
0.00,0.00,0.00,0.00
0.00,0.00,0.00,0.00
0.00,0.00,0.00,0.00
0.00,0.00,0.00,0.00
0.00,0.00,0.00,0.00
0.00,0.00,0.00,0.00
0.00,0.00,0.00,0.00
0.00,0.00,0.00,0.00
0.00,0.00,0.00,0.00
0.00,0.00,0.00,0.00
0.00,0.00,0.00,0.00
0.00,0.00,0.00,0.00
0.00,0.00,0.00,0.00
0.00,0.00,0.00,0.00
0.00,0.00,0.00,0.00
"MTGO
28 tix","DECLINING CARDS
8▼","PRICE CHANGE
-0.33","RISING CARDS
2▲"
-0.08,-1.00,0.00,-0.92
-0.20,0.00,0.00,0.04
-0.20,1.00,0.00,0.22
-0.29,-5.00,-1.00,-2.15
-0.09,3.00,-1.00,0.55
-0.12,1.00,-1.00,0.16
0.00,0.00,0.00,0.05
0.00,0.00,0.00,-0.02
0.08,2.00,1.00,0.21
-0.01,-1.00,0.00,-0.11
0.00,0.00,0.00,-0.02
0.00,0.00,0.00,0.03
-0.03,0.00,0.00,0.02
0.03,0.00,0.00,0.02
0.00,2.00,0.00,0.09
0.02,1.00,0.00,0.07
0.00,-2.00,0.00,-0.08
0.03,0.00,1.00,0.00
0.00,0.00,0.00,-0.01
-0.01,-2.00,0.00,-0.06
0.01,2.00,0.00,0.04
0.03,0.00,1.00,0.00
-0.01,-1.00,0.00,-0.03
0.02,-1.00,1.00,-0.02
0.01,1.00,1.00,0.01
0.00,-1.00,0.00,-0.01
0.00,0.00,0.00,0.00
-0.02,0.00,-1.00,0.00
-0.02,3.00,-1.00,0.06
0.00,0.00,0.00,0.00
0.00,-1.00,0.00,-0.01
0.00,-4.00,0.00,-0.07
0.01,3.00,1.00,0.04
-0.03,-3.00,-2.00,-0.04
0.00,0.00,0.00,0.00
-0.01,-3.00,-1.00,-0.04
0.00,0.00,0.00,0.00
0.01,1.00,1.00,0.01
0.00,-1.00,0.00,-0.01
0.00,0.00,0.00,0.00
0.00,-4.00,0.00,-0.04
0.00,1.00,0.00,0.01
0.00,0.00,0.00,0.00
0.01,1.00,1.00,0.01
0.00,-1.00,0.00,-0.01
0.00,0.00,0.00,0.00
0.01,0.00,2.00,0.00
0.02,3.00,4.00,0.02
-0.01,-2.00,-2.00,-0.01
0.00,2.00,0.00,0.01
0.00,0.00,0.00,0.00
0.00,0.00,0.00,0.00
0.00,0.00,0.00,0.00
0.00,0.00,0.00,0.00
0.00,0.00,0.00,0.00
0.00,2.00,0.00,0.01
0.00,2.00,0.00,0.01
0.00,-4.00,0.00,-0.02
0.01,0.00,2.00,0.00
0.00,0.00,0.00,0.00
0.00,2.00,0.00,0.01
0.00,0.00,0.00,0.00
0.00,0.00,0.00,0.00
0.00,0.00,0.00,0.00
0.00,0.00,0.00,0.00
0.00,0.00,0.00,0.00
0.00,0.00,0.00,0.00
0.00,0.00,0.00,0.00
0.00,0.00,0.00,0.00
0.00,0.00,0.00,0.00
0.00,6.00,0.00,0.02
0.00,0.00,0.00,0.00
0.00,3.00,0.00,0.01
0.00,-6.00,0.00,-0.02
0.00,0.00,0.00,0.00
0.00,0.00,0.00,0.00
0.00,0.00,0.00,0.00
0.00,0.00,0.00,0.00
0.00,0.00,0.00,0.00
0.00,0.00,0.00,0.00
0.00,-3.00,0.00,-0.01
0.00,0.00,0.00,0.00
-0.01,-7.00,-4.00,-0.02
0.00,-4.00,0.00,-0.01
-0.01,-4.00,-4.00,-0.01
0.00,0.00,0.00,0.00
0.00,0.00,0.00,0.00
0.00,0.00,0.00,0.00
0.00,0.00,0.00,0.00
0.00,0.00,0.00,0.00
0.00,0.00,0.00,0.00
0.00,0.00,0.00,0.00
0.00,0.00,0.00,0.00
0.01,0.00,4.00,0.00
0.00,0.00,0.00,0.00
0.00,0.00,0.00,0.00
0.00,0.00,0.00,0.00
0.00,0.00,0.00,0.00
0.00,0.00,0.00,0.00
0.00,0.00,0.00,0.00
0.00,0.00,0.00,0.00
0.00,0.00,0.00,0.00
0.00,0.00,0.00,0.00
0.00,0.00,0.00,0.00
0.00,0.00,0.00,0.00
0.00,0.00,0.00,0.00
0.00,0.00,0.00,0.00
0.00,0.00,0.00,0.00
0.00,0.00,0.00,0.00
0.00,0.00,0.00,0.00
0.00,0.00,0.00,0.00
0.00,0.00,0.00,0.00
0.00,0.00,0.00,0.00
0.00,0.00,0.00,0.00
0.00,0.00,0.00,0.00
0.00,0.00,0.00,0.00
0.00,0.00,0.00,0.00
0.00,0.00,0.00,0.00
0.00,-4.00,0.00,-0.01
0.00,-4.00,0.00,-0.01
0.00,-4.00,0.00,-0.01
0.00,0.00,0.00,0.00
0.00,0.00,0.00,0.00
0.00,-4.00,0.00,-0.01
0.00,0.00,0.00,0.00
0.00,-4.00,0.00,-0.01
0.00,0.00,0.00,0.00
0.00,0.00,0.00,0.00
-0.01,-4.00,-4.00,-0.01
-0.01,-4.00,-4.00,-0.01
0.00,0.00,0.00,0.00
0.00,-4.00,0.00,-0.01
0.00,0.00,0.00,0.00
0.00,0.00,0.00,0.00
0.00,0.00,0.00,0.00
0.00,-4.00,0.00,-0.01
0.00,-4.00,0.00,-0.01
0.00,-4.00,0.00,-0.01
-0.01,-4.00,-4.00,-0.01
0.00,-4.00,0.00,-0.01
0.00,-4.00,0.00,-0.01
-0.01,-4.00,-4.00,-0.01
0.00,-4.00,0.00,-0.01
-0.01,-4.00,-4.00,-0.01
0.00,-4.00,0.00,-0.01
0.00,-4.00,0.00,-0.01
0.00,-4.00,0.00,-0.01
0.00,-4.00,0.00,-0.01
0.00,0.00,0.00,0.00
0.00,-4.00,0.00,-0.01
0.00,5.00,0.00,0.01
-0.01,-9.00,-5.00,-0.02
0.01,0.00,5.00,0.00
0.00,0.00,0.00,0.00
0.00,-5.00,0.00,-0.01
0.00,0.00,0.00,0.00
0.00,0.00,0.00,0.00
0.00,0.00,0.00,0.00
0.00,0.00,0.00,0.00
0.00,0.00,0.00,0.00
0.00,0.00,0.00,0.00
0.00,0.00,0.00,0.00
-0.01,-9.00,-5.00,-0.02
0.00,0.00,0.00,0.00
0.00,0.00,0.00,0.00
0.00,0.00,0.00,0.00
0.00,0.00,0.00,0.00
0.00,0.00,0.00,0.00
0.00,0.00,0.00,0.00
0.00,0.00,0.00,0.00
0.00,0.00,0.00,0.00
0.00,0.00,0.00,0.00
0.00,0.00,0.00,0.00
0.00,0.00,0.00,0.00
0.00,0.00,0.00,0.00
0.00,0.00,0.00,0.00
0.00,0.00,0.00,0.00
0.00,0.00,0.00,0.00
0.00,0.00,0.00,0.00
0.00,0.00,0.00,0.00
0.00,0.00,0.00,0.00
0.00,0.00,0.00,0.00
-0.01,0.00,-5.00,0.00
0.00,0.00,0.00,0.00
0.00,-5.00,0.00,-0.01
0.00,-5.00,0.00,-0.01
0.00,-5.00,0.00,-0.01
0.00,-5.00,0.00,-0.01
0.00,0.00,0.00,0.00
0.00,0.00,0.00,0.00
-0.01,0.00,-5.00,0.00
0.00,0.00,0.00,0.00
-0.01,-5.00,-5.00,-0.01
0.00,-5.00,0.00,-0.01
0.00,0.00,0.00,0.00
0.00,0.00,0.00,0.00
0.00,-5.00,0.00,-0.01
0.00,-5.00,0.00,-0.01
-0.01,-5.00,-5.00,-0.01
-0.01,-5.00,-5.00,-0.01
0.00,0.00,0.00,0.00
0.00,0.00,0.00,0.00
0.00,0.00,0.00,0.00
0.00,-5.00,0.00,-0.01
0.00,-5.00,0.00,-0.01
0.00,0.00,0.00,0.00
-0.01,-5.00,-5.00,-0.01
-0.01,-5.00,-5.00,-0.01
0.00,0.00,0.00,0.00
0.00,-5.00,0.00,-0.01
0.00,-5.00,0.00,-0.01
0.00,-5.00,0.00,-0.01
-0.01,-5.00,-5.00,-0.01
0.00,-5.00,0.00,-0.01
0.00,-5.00,0.00,-0.01
0.00,-5.00,0.00,-0.01
0.00,-5.00,0.00,-0.01
0.00,-5.00,0.00,-0.01
-0.01,-5.00,-5.00,-0.01
-0.01,-5.00,-5.00,-0.01
0.00,-5.00,0.00,-0.01
0.00,-5.00,0.00,-0.01
0.00,0.00,0.00,0.00
-0.01,-5.00,-5.00,-0.01
-0.01,-11.00,-6.00,-0.02
0.00,-6.00,0.00,-0.01
0.00,-6.00,0.00,-0.01
-0.01,-6.00,-6.00,-0.01
0.00,0.00,0.00,0.00
-0.25,10.00,-1.00,1.54
0.03,-9.00,1.00,-0.23
0.00,15.00,0.00,0.13
-0.01,10.00,-3.00,0.03
0.00,0.00,0.00,0.00
0.02,-8.00,9.00,-0.02
-0.03,5.00,-12.00,0.01
0.00,-11.00,0.00,-0.02
-0.03,-13.00,-18.00,-0.02
0.00,8.00,0.00,0.01
0.00,0.00,0.00,0.00
0.00,0.00,0.00,0.00
0.00,38.00,0.00,0.03
-0.02,0.00,-18.00,0.00
-0.02,-19.00,-18.00,-0.02
-0.01,0.00,-17.00,0.00
0.00,0.00,0.00,0.00
0.00,0.00,0.00,0.00
0.00,0.00,0.00,0.00
0.00,0.00,0.00,0.00
0.00,0.00,0.00,0.00
0.00,0.00,0.00,0.00
0.00,0.00,0.00,0.00
0.00,0.00,0.00,0.00
0.00,0.00,0.00,0.00
0.00,0.00,0.00,0.00
0.00,0.00,0.00,0.00
0.00,0.00,0.00,0.00
0.00,0.00,0.00,0.00
0.00,0.00,0.00,0.00
0.00,0.00,0.00,0.00
0.00,0.00,0.00,0.00
0.00,0.00,0.00,0.00
0.00,0.00,0.00,0.00
0.00,0.00,0.00,0.00
0.00,0.00,0.00,0.00
0.00,0.00,0.00,0.00
0.00,0.00,0.00,0.00
0.00,0.00,0.00,0.00
0.00,0.00,0.00,0.00
0.00,0.00,0.00,0.00
0.00,0.00,0.00,0.00
0.00,0.00,0.00,0.00
0.00,0.00,0.00,0.00
0.00,0.00,0.00,0.00
0.00,0.00,0.00,0.00
0.00,0.00,0.00,0.00
0.00,0.00,0.00,0.00
0.00,0.00,0.00,0.00
0.00,0.00,0.00,0.00
0.00,0.00,0.00,0.00
0.00,0.00,0.00,0.00
0.00,0.00,0.00,0.00
0.00,0.00,0.00,0.00
0.00,0.00,0.00,0.00
0.00,0.00,0.00,0.00
0.00,0.00,0.00,0.00
0.00,0.00,0.00,0.00
0.00,0.00,0.00,0.00
0.00,0.00,0.00,0.00
0.00,0.00,0.00,0.00
0.00,0.00,0.00,0.00
0.00,0.00,0.00,0.00
0.00,0.00,0.00,0.00
0.00,0.00,0.00,0.00
0.00,0.00,0.00,0.00
0.00,0.00,0.00,0.00
0.00,0.00,0.00,0.00
0.00,0.00,0.00,0.00
0.00,0.00,0.00,0.00
0.00,0.00,0.00,0.00
0.00,0.00,0.00,0.00
0.00,0.00,0.00,0.00
0.00,0.00,0.00,0.00
0.00,50.00,0.00,0.01
0.00,0.00,0.00,0.00
0.00,0.00,0.00,0.00
0.00,0.00,0.00,0.00
0.00,0.00,0.00,0.00
0.00,0.00,0.00,0.00
0.00,0.00,0.00,0.00
0.00,0.00,0.00,0.00
0.00,0.00,0.00,0.00
0.00,0.00,0.00,0.00
0.00,0.00,0.00,0.00
0.00,0.00,0.00,0.00
0.00,0.00,0.00,0.00
0.00,0.00,0.00,0.00
0.00,0.00,0.00,0.00
0.00,0.00,0.00,0.00
0.00,0.00,0.00,0.00
0.00,0.00,0.00,0.00
0.00,0.00,0.00,0.00
0.00,0.00,0.00,0.00
0.00,0.00,0.00,0.00
0.00,0.00,0.00,0.00
0.00,0.00,0.00,0.00
0.00,0.00,0.00,0.00
0.00,0.00,0.00,0.00
0.00,0.00,0.00,0.00
0.00,0.00,0.00,0.00
0.00,0.00,0.00,0.00
0.00,0.00,0.00,0.00
0.00,0.00,0.00,0.00
0.00,0.00,0.00,0.00
0.00,0.00,0.00,0.00
0.00,0.00,0.00,0.00
0.00,0.00,0.00,0.00
0.00,0.00,0.00,0.00
0.00,0.00,0.00,0.00
0.00,0.00,0.00,0.00
0.00,0.00,0.00,0.00
0.00,0.00,0.00,0.00
0.00,0.00,0.00,0.00
0.00,0.00,0.00,0.00
0.00,0.00,0.00,0.00
0.00,0.00,0.00,0.00
0.00,0.00,0.00,0.00
0.00,0.00,0.00,0.00
0.00,0.00,0.00,0.00
0.00,0.00,0.00,0.00
0.00,0.00,0.00,0.00
0.00,0.00,0.00,0.00
0.00,83.00,0.00,0.01
0.00,0.00,0.00,0.00
0.00,0.00,0.00,0.00
0.00,0.00,0.00,0.00
0.00,0.00,0.00,0.00
0.00,0.00,0.00,0.00
0.00,0.00,0.00,0.00
0.00,0.00,0.00,0.00
0.00,0.00,0.00,0.00
0.00,100.00,0.00,0.01
0.00,0.00,0.00,0.00
0.00,0.00,0.00,0.00
0.00,0.00,0.00,0.00
0.00,0.00,0.00,0.00
0.00,0.00,0.00,0.00
0.00,0.00,0.00,0.00
0.00,0.00,0.00,0.00
0.00,0.00,0.00,0.00
0.00,0.00,0.00,0.00
0.00,0.00,0.00,0.00
0.00,0.00,0.00,0.00
0.00,0.00,0.00,0.00
0.00,0.00,0.00,0.00
0.00,0.00,0.00,0.00
0.00,0.00,0.00,0.00
0.00,0.00,0.00,0.00
0.00,0.00,0.00,0.00
0.00,0.00,0.00,0.00
0.00,0.00,0.00,0.00
0.00,0.00,0.00,0.00
0.00,0.00,0.00,0.00
0.00,0.00,0.00,0.00
0.00,0.00,0.00,0.00
0.00,0.00,0.00,0.00
0.00,0.00,0.00,0.00
0.00,-36.00,0.00,-0.01
0.00,0.00,0.00,0.00
0.00,0.00,0.00,0.00
0.00,0.00,0.00,0.00
0.00,0.00,0.00,0.00
0.00,0.00,0.00,0.00
0.00,0.00,0.00,0.00
0.00,0.00,0.00,0.00
0.00,0.00,0.00,0.00
0.00,0.00,0.00,0.00
0.00,0.00,0.00,0.00
0.00,0.00,0.00,0.00
0.00,0.00,0.00,0.00
0.00,0.00,0.00,0.00
0.00,0.00,0.00,0.00
0.00,0.00,0.00,0.00
0.00,0.00,0.00,0.00
0.00,0.00,0.00,0.00
0.00,0.00,0.00,0.00
0.00,0.00,0.00,0.00
0.00,0.00,0.00,0.00
0.00,0.00,0.00,0.00
0.00,0.00,0.00,0.00
0.00,0.00,0.00,0.00
0.00,0.00,0.00,0.00
0.00,0.00,0.00,0.00
0.00,0.00,0.00,0.00
0.00,0.00,0.00,0.00
0.00,0.00,0.00,0.00
0.00,0.00,0.00,0.00
0.00,0.00,0.00,0.00
0.00,0.00,0.00,0.00
0.00,0.00,0.00,0.00
-0.01,0.00,-50.00,0.00
0.00,0.00,0.00,0.00
0.00,-50.00,0.00,-0.01
0.00,0.00,0.00,0.00
0.00,0.00,0.00,0.00
0.00,0.00,0.00,0.00
0.00,0.00,0.00,0.00
0.00,0.00,0.00,0.00
0.00,0.00,0.00,0.00
0.00,0.00,0.00,0.00
0.00,0.00,0.00,0.00
0.00,0.00,0.00,0.00
0.00,0.00,0.00,0.00
0.00,0.00,0.00,0.00
0.00,0.00,0.00,0.00
0.00,0.00,0.00,0.00
0.00,0.00,0.00,0.00
0.00,0.00,0.00,0.00
0.00,0.00,0.00,0.00
0.00,0.00,0.00,0.00
0.00,0.00,0.00,0.00
0.00,-50.00,0.00,-0.01
0.00,0.00,0.00,0.00
0.00,0.00,0.00,0.00
0.00,0.00,0.00,0.00
0.00,0.00,0.00,0.00
0.00,0.00,0.00,0.00
0.00,0.00,0.00,0.00
0.00,0.00,0.00,0.00
0.00,0.00,0.00,0.00
0.00,0.00,0.00,0.00
0.00,0.00,0.00,0.00
0.00,0.00,0.00,0.00
0.00,0.00,0.00,0.00
0.00,0.00,0.00,0.00
0.00,0.00,0.00,0.00
0.00,0.00,0.00,0.00
0.00,0.00,0.00,0.00
"MTGO
201 tix","DECLINING CARDS
11▼","PRICE CHANGE
-0.51","RISING CARDS
12▲"
0.00,1.00,0.00,1.11
0.00,-1.00,0.00,-0.94
0.30,0.00,0.00,-0.34
3.06,33.00,5.00,17.67
-0.08,0.00,0.00,0.13
-0.05,0.00,0.00,-0.11
-0.05,5.00,0.00,2.59
-0.11,1.00,0.00,0.32
1.15,0.00,2.00,-0.21
-0.54,-2.00,-1.00,-1.03
-0.07,0.00,0.00,-0.08
0.25,2.00,1.00,0.68
-1.50,-1.00,-5.00,-0.34
-0.14,-2.00,0.00,-0.52
0.55,5.00,2.00,1.15
-0.56,-5.00,-2.00,-1.17
-0.19,-2.00,-1.00,-0.30
-0.53,-3.00,-3.00,-0.52
-0.24,1.00,-1.00,0.25
-0.04,0.00,0.00,0.05
-0.11,-1.00,-1.00,-0.12
0.15,1.00,1.00,0.07
-0.20,2.00,-1.00,0.29
0.00,-2.00,0.00,-0.22
-0.20,0.00,-2.00,0.02
-0.10,-2.00,-1.00,-0.21
0.00,0.00,0.00,0.02
0.06,-1.00,1.00,-0.11
0.09,2.00,1.00,0.16
-0.02,0.00,0.00,0.00
-0.01,-5.00,0.00,-0.33
0.08,6.00,1.00,0.38
-0.01,1.00,0.00,0.08
0.02,0.00,0.00,0.01
0.01,-1.00,0.00,-0.04
0.00,0.00,0.00,0.01
-0.04,-1.00,-1.00,-0.05
0.00,-5.00,0.00,-0.22
-0.03,-1.00,-1.00,-0.05
-0.03,-1.00,-1.00,-0.03
-0.02,0.00,-1.00,0.00
-0.12,-3.00,-3.00,-0.09
0.00,0.00,0.00,-0.01
-0.07,-5.00,-2.00,-0.16
-0.02,-3.00,-1.00,-0.10
0.02,1.00,1.00,0.03
0.01,4.00,0.00,0.11
0.00,0.00,0.00,0.00
0.04,13.00,2.00,0.29
0.00,3.00,0.00,0.06
-0.02,3.00,-1.00,0.07
-0.02,-3.00,-1.00,-0.08
0.00,-1.00,0.00,-0.03
-0.01,1.00,0.00,0.02
-0.01,-1.00,0.00,-0.02
0.00,1.00,0.00,0.01
0.02,2.00,1.00,0.03
-0.01,-1.00,-1.00,-0.02
-0.01,-2.00,-1.00,-0.03
0.00,0.00,0.00,0.00
0.01,0.00,1.00,0.00
0.03,2.00,2.00,0.02
0.01,1.00,1.00,0.01
-0.01,0.00,-1.00,0.00
-0.02,3.00,-2.00,0.03
0.00,3.00,0.00,0.03
-0.01,-3.00,-1.00,-0.03
0.01,-2.00,1.00,-0.02
0.00,0.00,0.00,0.00
0.00,0.00,0.00,0.00
0.00,-4.00,0.00,-0.04
-0.01,0.00,-1.00,0.00
0.00,0.00,0.00,0.00
0.00,0.00,0.00,0.00
0.00,-3.00,0.00,-0.03
0.02,1.00,2.00,0.01
-0.01,0.00,-1.00,0.00
0.00,-4.00,0.00,-0.04
-0.01,0.00,-1.00,0.00
0.00,0.00,0.00,0.00
0.00,-1.00,0.00,-0.01
0.00,-1.00,0.00,-0.01
0.01,-1.00,1.00,-0.01
0.00,-2.00,0.00,-0.01
-0.01,-2.00,-2.00,-0.01
0.00,2.00,0.00,0.01
0.00,0.00,0.00,0.00
0.01,0.00,2.00,0.00
0.00,-5.00,0.00,-0.03
0.00,0.00,0.00,0.00
0.00,-2.00,0.00,-0.01
0.00,-5.00,0.00,-0.03
0.00,0.00,0.00,0.00
0.01,0.00,2.00,0.00
0.00,0.00,0.00,0.00
0.00,0.00,0.00,0.00
0.00,0.00,0.00,0.00
0.00,0.00,0.00,0.00
0.00,-4.00,0.00,-0.02
0.00,0.00,0.00,0.00
0.00,0.00,0.00,0.00
0.00,2.00,0.00,0.01
0.00,-2.00,0.00,-0.01
0.00,0.00,0.00,0.00
0.00,0.00,0.00,0.00
0.00,0.00,0.00,0.00
0.00,0.00,0.00,0.00
0.00,-2.00,0.00,-0.01
0.00,2.00,0.00,0.01
0.01,-2.00,2.00,-0.01
0.00,-2.00,0.00,-0.01
-0.01,-2.00,-2.00,-0.01
0.00,0.00,0.00,0.00
-0.01,-2.00,-2.00,-0.01
0.01,2.00,2.00,0.01
0.00,-2.00,0.00,-0.01
0.01,0.00,2.00,0.00
0.00,0.00,0.00,0.00
-0.01,-3.00,-3.00,-0.01
0.00,0.00,0.00,0.00
0.00,-3.00,0.00,-0.01
-0.01,-8.00,-3.00,-0.03
0.00,0.00,0.00,0.00
0.00,0.00,0.00,0.00
-0.01,-6.00,-3.00,-0.02
0.00,0.00,0.00,0.00
-0.01,-3.00,-3.00,-0.01
0.00,0.00,0.00,0.00
0.00,-3.00,0.00,-0.01
-0.01,-3.00,-3.00,-0.01
-0.01,-3.00,-3.00,-0.01
0.00,0.00,0.00,0.00
0.00,0.00,0.00,0.00
0.00,-3.00,0.00,-0.01
0.00,0.00,0.00,0.00
-0.01,-6.00,-3.00,-0.02
-0.01,-6.00,-3.00,-0.02
0.00,-3.00,0.00,-0.01
0.00,-3.00,0.00,-0.01
0.00,0.00,0.00,0.00
-0.01,0.00,-3.00,0.00
0.00,0.00,0.00,0.00
0.00,0.00,0.00,0.00
-0.01,-3.00,-3.00,-0.01
0.00,0.00,0.00,0.00
0.00,-4.00,0.00,-0.01
0.00,0.00,0.00,0.00
0.00,0.00,0.00,0.00
0.00,0.00,0.00,0.00
0.00,-4.00,0.00,-0.01
-0.01,-4.00,-4.00,-0.01
0.00,0.00,0.00,0.00
0.00,0.00,0.00,0.00
0.00,0.00,0.00,0.00
0.00,0.00,0.00,0.00
0.00,0.00,0.00,0.00
0.00,0.00,0.00,0.00
0.00,0.00,0.00,0.00
0.00,0.00,0.00,0.00
0.00,0.00,0.00,0.00
0.00,0.00,0.00,0.00
0.00,0.00,0.00,0.00
0.00,0.00,0.00,0.00
0.00,0.00,0.00,0.00
0.00,0.00,0.00,0.00
0.00,0.00,0.00,0.00
0.00,0.00,0.00,0.00
0.00,0.00,0.00,0.00
0.00,0.00,0.00,0.00
0.00,0.00,0.00,0.00
0.00,-4.00,0.00,-0.01
0.00,-4.00,0.00,-0.01
0.00,-4.00,0.00,-0.01
0.00,0.00,0.00,0.00
0.00,0.00,0.00,0.00
0.00,0.00,0.00,0.00
0.00,0.00,0.00,0.00
0.00,-4.00,0.00,-0.01
0.00,0.00,0.00,0.00
0.00,0.00,0.00,0.00
0.00,0.00,0.00,0.00
0.00,0.00,0.00,0.00
0.00,-4.00,0.00,-0.01
0.00,0.00,0.00,0.00
0.00,0.00,0.00,0.00
0.00,0.00,0.00,0.00
-0.01,-4.00,-4.00,-0.01
0.00,0.00,0.00,0.00
0.00,0.00,0.00,0.00
0.00,0.00,0.00,0.00
0.00,0.00,0.00,0.00
0.00,0.00,0.00,0.00
0.00,0.00,0.00,0.00
0.00,0.00,0.00,0.00
0.00,0.00,0.00,0.00
0.00,0.00,0.00,0.00
0.00,0.00,0.00,0.00
0.00,0.00,0.00,0.00
0.00,0.00,0.00,0.00
0.00,-4.00,0.00,-0.01
0.00,0.00,0.00,0.00
0.00,0.00,0.00,0.00
0.00,-4.00,0.00,-0.01
0.00,0.00,0.00,0.00
0.00,0.00,0.00,0.00
0.00,0.00,0.00,0.00
0.01,0.00,4.00,0.00
0.00,0.00,0.00,0.00
0.00,0.00,0.00,0.00
0.00,0.00,0.00,0.00
-0.01,-4.00,-4.00,-0.01
0.00,-4.00,0.00,-0.01
0.00,0.00,0.00,0.00
0.00,0.00,0.00,0.00
0.00,0.00,0.00,0.00
0.00,0.00,0.00,0.00
0.00,-4.00,0.00,-0.01
0.00,4.00,0.00,0.01
0.00,0.00,0.00,0.00
0.00,0.00,0.00,0.00
0.00,0.00,0.00,0.00
0.00,0.00,0.00,0.00
0.00,-4.00,0.00,-0.01
0.00,0.00,0.00,0.00
0.00,0.00,0.00,0.00
0.00,0.00,0.00,0.00
0.00,-4.00,0.00,-0.01
0.00,0.00,0.00,0.00
0.00,0.00,0.00,0.00
0.00,0.00,0.00,0.00
0.00,0.00,0.00,0.00
-0.01,-4.00,-4.00,-0.01
0.00,-4.00,0.00,-0.01
0.00,0.00,0.00,0.00
0.00,0.00,0.00,0.00
0.00,0.00,0.00,0.00
0.00,5.00,0.00,0.01
0.00,0.00,0.00,0.00
0.00,0.00,0.00,0.00
0.00,5.00,0.00,0.01
0.00,-4.00,0.00,-0.01
0.00,0.00,0.00,0.00
0.00,5.00,0.00,0.01
-0.01,-4.00,-4.00,-0.01
0.00,0.00,0.00,0.00
0.00,0.00,0.00,0.00
0.00,0.00,0.00,0.00
0.00,-5.00,0.00,-0.01
0.00,0.00,0.00,0.00
0.00,-1.00,0.00,-0.27
0.00,7.00,0.00,1.76
0.28,2.00,2.00,0.21
0.00,19.00,0.00,1.77
0.00,5.00,0.00,0.50
0.12,-4.00,1.00,-0.36
-0.89,-16.00,-9.00,-1.74
0.00,-2.00,0.00,-0.13
0.00,13.00,0.00,0.80
0.00,-3.00,0.00,-0.17
0.00,-3.00,0.00,-0.17
0.26,-4.00,5.00,-0.24
-0.30,21.00,-6.00,0.86
-0.09,-6.00,-2.00,-0.25
0.09,-12.00,3.00,-0.48
0.00,1.00,0.00,0.03
0.00,0.00,0.00,-0.01
0.00,2.00,0.00,0.04
0.00,1.00,0.00,0.02
0.00,3.00,0.00,0.06
0.00,1.00,0.00,0.02
-0.09,0.00,-5.00,0.00
-0.05,-27.00,-3.00,-0.58
0.00,0.00,0.00,0.00
0.12,14.00,9.00,0.18
0.02,26.00,1.00,0.30
0.00,-11.00,0.00,-0.18
0.01,35.00,1.00,0.35
0.00,21.00,0.00,0.20
0.00,0.00,0.00,0.00
0.00,6.00,0.00,0.05
0.00,31.00,0.00,0.18
0.00,4.00,0.00,0.03
0.00,0.00,0.00,0.00
0.00,-9.00,0.00,-0.07
0.00,-7.00,0.00,-0.05
0.00,0.00,0.00,0.00
-0.01,55.00,-2.00,0.21
-0.04,-2.00,-6.00,-0.01
-0.03,-8.00,-5.00,-0.05
0.02,19.00,4.00,0.08
0.00,19.00,0.00,0.08
0.02,49.00,5.00,0.14
0.00,2.00,0.00,0.01
-0.01,-5.00,-3.00,-0.02
0.00,189.00,0.00,0.25
0.00,19.00,0.00,0.06
0.00,0.00,0.00,0.00
0.00,3.00,0.00,0.01
0.00,16.00,0.00,0.04
0.00,0.00,0.00,0.00
0.00,-7.00,0.00,-0.02
0.00,32.00,0.00,0.06
0.00,-11.00,0.00,-0.03
0.00,-4.00,0.00,-0.01
0.00,-22.00,0.00,-0.06
0.00,0.00,0.00,0.00
0.00,-10.00,0.00,-0.02
0.00,0.00,0.00,0.00
-0.02,0.00,-11.00,0.00
0.00,0.00,0.00,0.00
0.06,262.00,67.00,0.11
-0.02,17.00,-13.00,0.02
0.00,0.00,0.00,0.00
0.00,0.00,0.00,0.00
0.00,0.00,0.00,0.00
0.00,0.00,0.00,0.00
0.00,0.00,0.00,0.00
0.00,-22.00,0.00,-0.03
0.00,0.00,0.00,0.00
0.00,-18.00,0.00,-0.02
0.00,0.00,0.00,0.00
0.00,0.00,0.00,0.00
0.00,0.00,0.00,0.00
0.00,0.00,0.00,0.00
0.00,0.00,0.00,0.00
0.00,0.00,0.00,0.00
0.00,0.00,0.00,0.00
0.00,0.00,0.00,0.00
0.00,0.00,0.00,0.00
0.00,0.00,0.00,0.00
0.00,0.00,0.00,0.00
0.00,167.00,0.00,0.05
0.00,0.00,0.00,0.00
0.00,-13.00,0.00,-0.01
0.00,0.00,0.00,0.00
0.00,0.00,0.00,0.00
0.02,0.00,50.00,0.00
0.00,0.00,0.00,0.00
0.00,0.00,0.00,0.00
0.00,0.00,0.00,0.00
0.00,0.00,0.00,0.00
0.00,0.00,0.00,0.00
0.00,48.00,0.00,0.02
0.00,0.00,0.00,0.00
0.00,0.00,0.00,0.00
0.00,0.00,0.00,0.00
0.00,0.00,0.00,0.00
0.00,0.00,0.00,0.00
0.00,0.00,0.00,0.00
0.00,0.00,0.00,0.00
0.00,0.00,0.00,0.00
0.00,0.00,0.00,0.00
0.00,-33.00,0.00,-0.03
0.00,0.00,0.00,0.00
0.00,25.00,0.00,0.01
0.00,0.00,0.00,0.00
0.00,0.00,0.00,0.00
0.00,0.00,0.00,0.00
0.00,0.00,0.00,0.00
0.00,0.00,0.00,0.00
0.00,0.00,0.00,0.00
0.00,0.00,0.00,0.00
0.00,0.00,0.00,0.00
0.00,0.00,0.00,0.00
0.00,0.00,0.00,0.00
0.00,0.00,0.00,0.00
0.00,0.00,0.00,0.00
0.00,0.00,0.00,0.00
0.00,0.00,0.00,0.00
0.00,0.00,0.00,0.00
0.02,59.00,67.00,0.02
0.00,0.00,0.00,0.00
0.00,0.00,0.00,0.00
0.00,0.00,0.00,0.00
0.00,0.00,0.00,0.00
0.00,0.00,0.00,0.00
0.00,0.00,0.00,0.00
0.00,0.00,0.00,0.00
0.00,0.00,0.00,0.00
0.00,0.00,0.00,0.00
0.00,0.00,0.00,0.00
0.00,0.00,0.00,0.00
0.00,0.00,0.00,0.00
0.00,0.00,0.00,0.00
0.00,0.00,0.00,0.00
0.00,0.00,0.00,0.00
0.00,0.00,0.00,0.00
0.00,0.00,0.00,0.00
0.00,0.00,0.00,0.00
0.00,0.00,0.00,0.00
0.00,0.00,0.00,0.00
0.00,0.00,0.00,0.00
0.00,0.00,0.00,0.00
0.00,0.00,0.00,0.00
0.00,0.00,0.00,0.00
0.00,0.00,0.00,0.00
0.00,0.00,0.00,0.00
0.00,0.00,0.00,0.00
0.00,0.00,0.00,0.00
0.00,0.00,0.00,0.00
0.00,0.00,0.00,0.00
0.00,0.00,0.00,0.00
0.00,0.00,0.00,0.00
0.00,0.00,0.00,0.00
0.00,0.00,0.00,0.00
0.00,0.00,0.00,0.00
0.00,0.00,0.00,0.00
0.00,0.00,0.00,0.00
0.00,0.00,0.00,0.00
0.00,0.00,0.00,0.00
0.00,0.00,0.00,0.00
0.00,0.00,0.00,0.00
0.00,0.00,0.00,0.00
0.00,0.00,0.00,0.00
0.00,0.00,0.00,0.00
0.00,0.00,0.00,0.00
0.00,0.00,0.00,0.00
0.00,0.00,0.00,0.00
0.00,0.00,0.00,0.00
0.00,-73.00,0.00,-0.11
0.00,0.00,0.00,0.00
0.00,0.00,0.00,0.00
0.00,0.00,0.00,0.00
0.00,0.00,0.00,0.00
0.00,-25.00,0.00,-0.01
0.00,0.00,0.00,0.00
0.00,0.00,0.00,0.00
0.00,-40.00,0.00,-0.02
0.00,0.00,0.00,0.00
0.00,0.00,0.00,0.00
0.00,0.00,0.00,0.00
0.00,0.00,0.00,0.00
0.00,0.00,0.00,0.00
0.00,0.00,0.00,0.00
0.00,0.00,0.00,0.00
0.00,0.00,0.00,0.00
0.00,0.00,0.00,0.00
0.00,0.00,0.00,0.00
0.00,0.00,0.00,0.00
0.00,-26.00,0.00,-0.01
0.00,0.00,0.00,0.00
0.00,0.00,0.00,0.00
0.00,0.00,0.00,0.00
0.00,0.00,0.00,0.00
0.00,0.00,0.00,0.00
0.00,0.00,0.00,0.00
0.00,0.00,0.00,0.00
0.00,0.00,0.00,0.00
0.00,0.00,0.00,0.00
0.00,0.00,0.00,0.00
0.00,0.00,0.00,0.00
0.00,0.00,0.00,0.00
0.00,0.00,0.00,0.00
0.00,0.00,0.00,0.00
0.00,0.00,0.00,0.00
0.00,0.00,0.00,0.00
0.00,-26.00,0.00,-0.01
0.00,0.00,0.00,0.00
0.00,0.00,0.00,0.00
0.00,0.00,0.00,0.00
0.00,0.00,0.00,0.00
0.00,0.00,0.00,0.00
0.00,0.00,0.00,0.00
0.00,0.00,0.00,0.00
0.00,0.00,0.00,0.00
0.00,0.00,0.00,0.00
0.00,0.00,0.00,0.00
0.00,0.00,0.00,0.00
0.00,0.00,0.00,0.00
0.00,0.00,0.00,0.00
0.00,0.00,0.00,0.00
0.00,0.00,0.00,0.00
0.00,0.00,0.00,0.00
0.00,0.00,0.00,0.00
0.00,0.00,0.00,0.00
0.00,0.00,0.00,0.00
0.00,0.00,0.00,0.00
0.00,0.00,0.00,0.00
0.00,0.00,0.00,0.00
0.00,0.00,0.00,0.00
0.00,0.00,0.00,0.00
0.00,0.00,0.00,0.00
0.00,0.00,0.00,0.00
0.00,0.00,0.00,0.00
0.00,0.00,0.00,0.00
0.00,0.00,0.00,0.00
0.00,0.00,0.00,0.00
0.00,0.00,0.00,0.00
0.00,0.00,0.00,0.00
0.00,0.00,0.00,0.00
0.00,0.00,0.00,0.00
0.00,-33.00,0.00,-0.01
0.00,0.00,0.00,0.00
0.00,0.00,0.00,0.00
0.00,0.00,0.00,0.00
0.00,0.00,0.00,0.00
0.00,0.00,0.00,0.00
0.00,0.00,0.00,0.00
